:020000040800F2
:100000000080012089310008692600087126000857
:1000100079260008812600088926000800000000D3
:100020000000000000000000000000009126000811
:100030009F26000800000000AD260008BB2600082F
:10004000D9310008D9310008D9310008D931000868
:10005000D9310008D9310008D9310008D931000858
:10006000D9310008D9310008D9310008D931000848
:10007000D9310008D9310008D9310008D931000838
:10008000D9310008D9310008D9310008000000003A
:10009000000000000000000000000000D93100084E
:1000A000D9310008D9310008D9310008D931000808
:1000B000D9310008C9260008D9310008D931000813
:1000C000D9310008D9310008D9310008D9310008E8
:1000D000D9310008D9310008D931000800000000EA
:1000E000D9310008D9310008D931000800000000DA
:1000F000000000000000000000000000D9310008EE
:1001000000000000D9310008D9310008D9310008B9
:1001100000000000000000000000000000000000DF
:10012000D9310008D9310008D9310008D931000887
:10013000D9310008000000000000000000000000AD
:10014000000000000000000000000000D93100089D
:10015000D9310008D9310008D9310008DD2600085E
:10016000D9310008D931000800000000000000006B
:10017000000000000000000000000000000000007F
:1001800000000000D931000800000000000000005D
:04019000D931000859
:1001A00010B5054C237833B9044B13B10448AFF3B1
:1001B00000800123237010BDC0000020000000005B
:1001C0004096000808B5034B1BB103490348AFF341
:1001D000008008BD00000000C40000204096000818
:1001E00010F8012B11F8013B012A28BF9A42F7D0E1
:1001F000D01A7047034613F8012B002AFBD1181AB6
:1002000001387047000000000000000000000000FE
:1002100001F0FF01102A2BDB10F0070F08D010F8B7
:10022000013B013A8B422DD010F0070F42B3F6D1BB
:10023000F0B441EA012141EA014122F007047FF0D4
:1002400000070023F0E80256083C85EA010586EA2B
:10025000010685FA47F5A3FA87F586FA47F6A5FA67
:1002600087F68EB9EED1F0BC01F0FF0102F0070273
:1002700032B110F8013B013A83EA010313B1F8D11E
:100280000020704701387047002D06BF35460338FF
:10029000073815F0010F07D1013015F4807F02BF38
:1002A000013015F4C03F0130F0BC0138704700BF89
:1002B00053B94AB9002908BF00281CBF4FF0FF31CD
:1002C0004FF0FF3000F088B9ADF1080C6DE904CEB5
:1002D00000F006F8DDF804E0DDE9022304B0704721
:1002E0002DE9F047089D8E4604468846002B4AD1EA
:1002F0008A42174662D9B2FA82F64EB1C6F120039D
:1003000001FA06F820FA03F3B74043EA0808B440BC
:100310004FEA174E1FFA87FCB8FBFEF1230C0EFBC9
:10032000118843EA084301FB0CF29A4209D9FB18F1
:1003300001F1FF3080F0EA809A4240F2E780023912
:100340003B449A1AA3B2B2FBFEF00EFB102243EA22
:10035000024300FB0CFC9C4509D9FB1800F1FF325D
:1003600080F0D6809C4540F2D3803B44023840EA7E
:100370000140A3EB0C0300211DB1F3400022C5E9AD
:100380000032BDE8F0878B4205D90DB1C5E9000107
:1003900000210846F5E7B3FA83F1002946D17345F9
:1003A00002D3824200F20581841A6EEB030201201F
:1003B0009046002DE5D0C5E90048E2E7002A00F0AC
:1003C0009080B2FA82F6002E40F0A4808A1A030CC4
:1003D0004FEA174E80B2BCB20121B2FBFEFC0EFB0D
:1003E0001C2243EA024304FB0CF29A4207D9FB1891
:1003F0000CF1FF3802D29A4200F2E080C4469B1A08
:10040000B3FBFEF20EFB123340EA034302FB04F49B
:100410009C4207D9FB1802F1FF3002D29C4200F245
:10042000CA8002461B1B42EA0C40A5E7C1F1200628
:100430008B4022FA06F71F430EFA01F420FA06F366
:100440002EFA06FE4FEA1749234300FA01F81FFA75
:1004500087FCBEFBF9F01C0C09FB10EE44EA0E44CD
:1004600000FB0CFEA64502FA01F209D93C1900F185
:10047000FF3A80F09C80A64540F2998002383C44C7
:10048000A4EB0E041FFA83FEB4FBF9F309FB13443B
:100490004EEA044403FB0CFCA44508D93C1903F1C3
:1004A000FF3E80F08280A4457FD9023B3C4443EA72
:1004B0000040A4EB0C04A0FB02EC64457346E1464B
:1004C00062D35FD05DB1B8EB030264EB090404FAB8
:1004D00006F622FA01F31E43CC40C5E90064002170
:1004E0004FE7B1FBF2FC010C41EA0E4180B240EA59
:1004F00001423B4638463C46B846BE462026B1FB44
:10050000F7F1A2EB080241EA0C4166E7014618E761
:1005100010462CE7C6F120022EFA02F3B740B14094
:1005200020FA02F24FEA174E0A43B3FBFEF8BCB2C0
:100530000EFB1833110C41EA034108FB04F9B040EB
:1005400089454FEA104380B23ED9791808F1FF3C43
:1005500001D289451FD8A1EB0901B1FBFEF909FBC6
:1005600004F80EFB191192B242EA0142424529D227
:10057000BA1809F1FF31C4D24245C2D2A9F1020131
:100580003A44BEE7F0459DD2BEEB02036CEB070C8C
:100590000138E14696E7A7EB09094944A8F1020CA6
:1005A000B1FBFEF909FB04F8DBE773467FE7504631
:1005B00066E70846FDE63B44023A33E7ACF1020C3D
:1005C0003B441CE749469CE7A1EB0901C446B1FB4B
:1005D000FEF909FB04F8C4E7704700BF80B400AF20
:1005E000BFF34F8F00BF064BDB6803F4E0620449A2
:1005F000044B1343CB60BFF34F8F00BF00BFFDE739
:1006000000ED00E00400FA0580B500AF00235022A1
:100610000121012001F0D4FA012001F073FC00BF98
:1006200080BD80B582B000AF4FF44A7002F016F979
:1006300003461C2B20D01C2B35DC002B29D0172B7C
:1006400031D14FF40A7002F009F9034603F00103B7
:10065000002B04D001214FF40A7002F04BF9012065
:1006600002F09FFA0346FB80FB88002B1DD0FB881D
:10067000184600F02FF818E0012001F0D5FB002308
:1006800050220121012001F09BFA012001F03AFCE7
:100690000CE0002350220121012001F091FA0120F9
:1006A00001F030FC02E000BF00E000BF00BF0837EF
:1006B000BD4680BD80B500AF012001F0B5FB002331
:1006C00050220121012001F07BFA012001F01AFCE7
:1006D00000BF80BD80B58CB000AF0346FB80FB88B7
:1006E000B3F5806F02D340F2FF33FB80FB881A46DC
:1006F0004B49012001F0B4FD78617B69002B02DCDD
:10070000FFF7D8FF88E07B69FB62454AFB6A134428
:1007100000221A700023BB624249414807F048FC9E
:1007200038613B69002B05D03B690F33184607F051
:10073000EBF8B8623C493A4807F03AFC78627B6AC9
:10074000002B06D07B6A0433354A9B1AFA6AD31A07
:1007500000E000233B620023FB6141E0022002F045
:10076000AFFD012002F01DFA0346FB81FB89002B3F
:1007700033D0FB897B837A8BFB6A1344B3F5806F9C
:1007800005DBFB6A9BB2C3F57F7303337B83FB6A94
:10079000234A13447A8B1946012001F061FDB860A9
:1007A000BB68002B19DDFA6ABB681344FB621C4A64
:1007B000FB6A134400221A701B49194807F0F8FB22
:1007C00078627B6A002B06D07B6A0433144A9B1A3A
:1007D000FA6AD31A00E000233B62FB690133FB6134
:1007E000BB6A002B0BDD3A6ABB6A9A4207DAFB69E7
:1007F000182B04DCFB6A40F2FE329342AEDD7B6ACA
:10080000002B02D07B6A043300E0084B19460448F1
:1008100000F00EF8FFF74EFF3037BD4680BD00BF39
:10082000E0000020589600086896000870960008BE
:1008300080B5A4B000AF7860396007F1840300226E
:100840001A605A6007F1440340220021184607F05D
:1008500075FB07F1440307F184025949786807F0F2
:1008600067FA07F144033F21184607F06FFBC7F80A
:100870008C0007F1240320220021184607F05EFBBC
:10088000D7F88C30002B0CD0D7F88C30591C07F1DE
:1008900024031F22184607F078FBD7F88C3000227B
:1008A0001A7007F1840347491846FFF799FC03467D
:1008B000002B52D107F1440343491846FFF790FC3F
:1008C0000346002B08D007F1440340491846FFF7C0
:1008D00087FC0346002B0FD107F124033C4918463F
:1008E00007F066FB0346002B14BF01230023DBB295
:1008F000184600F0E7F960E007F14403354918466F
:10090000FFF76EFC0346002B14D1334B1B78002BF2
:1009100003D12E4800F0ACF94FE007F10C03184664
:1009200002F0F2FB07F10C0300220021184600F050
:10093000EDF942E007F1440328491846FFF750FC5F
:100940000346002B06D1244B00221A701F4800F0EA
:100950008FF932E000F0A8F92FE007F18403204975
:100960001846FFF73DFC0346002B24D107F1440352
:1009700016491846FFF734FC0346002B03D13868AC
:1009800000F030F819E007F1440312491846FFF768
:1009900027FC0346002B0BD10F4B1B78002B03D1F8
:1009A0000A4800F065F908E0386800F06BF804E0E8
:1009B00000F07AF901E000F077F99037BD4680BD8C
:1009C00074960008809600088496000888960008AF
:1009D0009096000898960008DC000020A496000875
:1009E000AC96000880B592B000AF786007F128039C
:1009F00020220021184607F0A1FA07F1080320225F
:100A00000021184607F09AFA07F128022023164918
:100A1000786800F091FA07F10802202313497868FA
:100A200000F08AFA07F1280311491846FFF7D8FBAE
:100A30000346002B0FD107F108030E491846FFF7B4
:100A4000CFFB0346002B06D10B4B01221A700B483B
:100A500000F00EF903E00A4800F00AF900BF00BFF9
:100A60004837BD4680BD00BFB4960008C096000858
:100A7000CC960008D4960008DC0000209896000868
:100A8000DC96000880B5AAB000AF786007F1840357
:100A900020220021184607F051FA07F164032022B2
:100AA0000021184607F04AFA07F1440320220021EA
:100AB000184607F043FA07F1840220234A49786870
:100AC00000F03AFA07F1640220234849786800F000
:100AD00033FA07F1440220234549786800F02CFAE4
:100AE00007F1400207F184031146184600F08CFA22
:100AF0000346002B17D007F13C0207F164031146AF
:100B0000184600F081FA0346002B0CD007F138029A
:100B100007F144031146184600F076FA0346002B0D
:100B200001D0012300E0002387F8A73097F8A73011
:100B3000002B12D097F84030002B0ED197F841309F
:100B4000002B0AD197F84230002B06D197F843309A
:100B5000002B02D1002387F8A73097F8A730002B8D
:100B600012D097F83830002B0ED197F83930002B7F
:100B70000AD197F83A30002B06D197F83B30002B7A
:100B800002D1002387F8A73097F8A730002B0CD1AB
:100B900007F10803184602F0B7FA07F1080301222B
:100BA0001449184600F0B2F81AE007F1200318467D
:100BB00002F0AAFA3B6CC7F82630FB6BC7F82A3064
:100BC000BB6BC7F82E3007F12003184600F0A0FFDA
:100BD00000F02AF94FF4967002F072FBFFF7FEFC6A
:100BE000A837BD4680BD00BFEC960008F09600080F
:100BF000F4960008F896000880B5B8B002AFF86027
:100C0000B9607A607868FFF7F5FA0346C7F8D43020
:100C1000BB68002B01D0BB6800E0134B07F110004C
:100C20000193D7F8D4300093FB68104AC02107F035
:100C300027F8C7F8D000D7F8D0309AB207F11003E0
:100C40001946012001F0B8F9D7F8D430002B07DDA0
:100C5000D7F8D4309BB21A467968012001F0ACF97C
:100C600000BFD837BD4680BD709600084097000889
:100C700080B59AB000AF786007F108007B68074A3A
:100C8000602106F0FDFF07F10803054A19460548F3
:100C9000FFF7B2FF00BF6837BD4680BDA4970008CC
:100CA00070960008B497000880B500AF034A002191
:100CB0000348FFF7A1FF00BF80BD00BFC097000839
:100CC000D897000880B582B000AF0346FB71FB796E
:100CD000002B01D0084B00E0084B094A4FF440615B
:100CE000084806F0CDFF074A00210748FFF784FFB8
:100CF00000BF0837BD4680BDE89700087096000821
:100D000020980008E0040020989D0008F0B5D1B0BC
:100D100012AF78633963134687F82F303B6B002B93
:100D200010D097F82F30002B01D0394A00E0394A13
:100D300007F138003B6B00931346374AC02106F099
:100D40009FFF02E0002387F838307B6B1B789C46BE
:100D50007B6B5B781D467B6B9B781E467B6BDB78E1
:100D6000BB627B6B1B797B627B6B5B793B627B6BD2
:100D70009B79FB617B6BDB79BB617B6B1B7A7B6156
:100D80007B6B5B7A3B617B6B9B7AFB607B6BDB7A7B
:100D9000BB607B6B1B7B7B607B6B5B7B1C467B6BDD
:100DA0009B7B18467B6BDB7B19467B6B1B7C1A4657
:100DB0007B6B5B7C119310920F910E900D947A686F
:100DC0000C92BA680B92FA680A923A6909927A69A7
:100DD0000892BA690792FA69069207F138030593F7
:100DE0003A6A04927A6A0392BB6A0293019600956A
:100DF00063460A4A4FF44061094806F041FF084A39
:100E000000210848FFF7F8FE00BFFC37BD46F0BDE3
:100E1000A09D0008A49D0008A89D0008C49D00088E
:100E2000E0040020989D000880B500AF064A4FF40A
:100E30004061064806F024FF044A00210448FFF7F9
:100E4000DBFE00BF80BD00BFA0A40008E0040020BE
:100E5000989D000880B588B000AFF860B9607A60EE
:100E60000023FB610023BB6152E0BB69FA681344B5
:100E70001B782B2B08D1FB695A1CFA611A46BB68F8
:100E8000134420221A7040E0BB69FA6813441B78AF
:100E9000252B2FD1BB690133FA6813441B78002B33
:100EA00028D0BB690233FA6813441B78002B21D089
:100EB000BB690133FA6813441B783B75BB69023385
:100EC000FA6813441B787B750023BB7507F1140384
:100ED00010220021184606F097FD0146FB695A1CB6
:100EE000FA611A46BB681344CAB21A70BB6902336E
:100EF000BB610AE0BB69FA681A44FB69591CF961D5
:100F00001946BB680B4412781A70BB690133BB6188
:100F1000BB69FA6813441B78002B04D07B68013B43
:100F2000FA699A42A1DBFB69BA68134400221A707D
:100F300000BF2037BD4680BD80B59AB000AFF860D5
:100F4000B9607A603B607B6800221A70B868FFF76E
:100F500051F9F865FB687B6649E0FA6DB968786E0F
:100F600007F001F80346002B36D17A6EFB6D13446F
:100F70001B783D2B30D1FB6D01337A6E1344BB657A
:100F80002621B86D06F0E2FF78657B6D002B03D05B
:100F90007A6DBB6DD31A03E0B86DFFF72BF90346EA
:100FA0003B663B6E3F2B01DD3F233B663A6E07F10C
:100FB0001403B96D184606F0E8FF07F114023B6E02
:100FC000134400221A7007F114033A68796818462E
:100FD000FFF740FF012312E02621786E06F0B6FFEE
:100FE00078667B6E002B02D07B6E01337B667B6E56
:100FF000002B03D07B6E1B78002BAED1002318464C
:101000006837BD4680BD000080B58CB004AF786005
:10101000396007F1140107F1180207F10B0302937D
:1010200007F10C03019307F1100300930B461E49CF
:10103000786806F07DFEF861FB69042B01D000237F
:101040002DE0BB69002B14DBBB69FF2B11DC7B6936
:10105000002B0EDB7B69FF2B0BDC3B69002B08DBD5
:101060003B69FF2B05DCFB68002B02DBFB68FF2BD9
:1010700001DD002313E0BB69DAB23B681A707A69BC
:101080003B680133D2B21A703A693B680233D2B27C
:101090001A70FA683B680333D2B21A7001231846FB
:1010A0002037BD4680BD00BFF4A6000880B588B0DB
:1010B00004AF78603960642302930623019307F13B
:1010C000080300930123FA22A021786803F0B8F8FE
:1010D0000346002B01D0002312E00023FB730BE03A
:1010E000FA7BFB7B39680B4410323A4412F8082C27
:1010F0001A70FB7B0133FB73FB7B052BF0D90123BB
:1011000018461037BD4680BD80B500AF0022402193
:10111000024802F01DFF00BF80BD00BF0004024076
:1011200080B500AF01224021024802F011FF00BF4C
:1011300080BD00BF0004024080B582B000AFF91D41
:101140004FF0FF330122044804F0E7FBFB79184617
:101150000837BD4680BD00BF3411002080B582B085
:1011600000AF0346FB71F91D4FF0FF330122034826
:1011700004F08FFA00BF0837BD4680BD341100204F
:10118000B0B5A2B000AF02F029F800F00DFA00F0FF
:1011900053FB00F0A3FA00F025FB00F0D5FA00F0B5
:1011A0006FFAC349C34801F045FEC349C34801F083
:1011B00067FEC349C24801F0DBFE07F16003184631
:1011C00000F07CFC034687F8873097F88730002BC7
:1011D0002ED107F1400300221A605A609A60DA604B
:1011E0001A61C3F81320B74A07F1400392E80300DD
:1011F000186004331980B44A07F146031068186078
:10120000B24A07F14A0310681860B14A07F14E0369
:101210001068186007F1600407F140050FCD0FC496
:1012200095E8030020600434218002340B0C237005
:1012300007F158031946A748FFF738FF0346002B6C
:1012400008D007F1600307F1580292E80300186024
:10125000043319800221A04802F062FE0346002BED
:101260000CBF01230023DBB287F8863097F8863065
:10127000002B0FD0994BFB636FF07F43BB63984B00
:101280007B63FB6BC7F86630BB6BC7F86A307B6B60
:10129000C7F86E3097F88730002B03D097F8863068
:1012A000002B04D007F16003184600F031FC4FF426
:1012B000FA7002F005F807F16003184601F0E4FE49
:1012C0004FF4FA7001F0FCFF864801F01DFF322256
:1012D0008549864805F0AAFB854804F073FF012282
:1012E0004FF480517C4802F033FE01224FF400613C
:1012F000794802F02DFE002341F270720121002096
:1013000000F05EFC002000F0FDFDFFF77DF9FFF727
:1013100088F94FF4427001F0A1FA03461C2B00F04B
:101320001D811C2B00F33381002B00F02581172B2E
:1013300040F02D814FF4027001F090FA034603F063
:101340000103002B07D001214FF4027001F0D2FA03
:10135000684806F08DFC4FF4385001F07FFA0346E0
:1013600087F8853097F8853003F00103002B0CD106
:10137000002000F059FD002341F27072012100208D
:1013800000F01EFC002000F0BDFD002001F009FC73
:1013900003461A46584B1A60574B1B68002B2EDD2C
:1013A000554B1B689BB21A465449002000F058FF69
:1013B0000346514A1360504B1B68504A0021D154D8
:1013C0004E494F4806F0ECFB4E494C48FEF708FFEB
:1013D0000346002B13D105224B49002000F0ECFD01
:1013E00000224FF480513C4802F0B2FD00224FF43D
:1013F0000061394802F0ACFD444B01221A70444BA5
:101400001B78002B0AD0424B00221A70414B00225D
:101410001A7006224049002000F0CEFD3F4B1B7899
:10142000002B00F0B6803E492F4806F0C1FDC7F8FA
:1014300080003C492C4806F0BBFDF867D7F88030A7
:10144000002B00F0A680FB6F002B00F0A280FA6F4B
:10145000D7F880309A4240F29C80D7F8803002332F
:10146000C7F88030FA6FD7F88030D31ABB673B4695
:1014700032220021184606F061FDBA6F3B46D7F8CC
:101480008010184606F081FD3A46BB6F13440022D7
:101490001A703B461A462449244806F027FC234884
:1014A000FEF7A8FE03461A46214B1A6042E000BF31
:1014B00021110008091100085D1100083911000808
:1014C0000000002058A7000860A7000864A70008D3
:1014D00068A70008E010002000000240C0A80164D6
:1014E000C0A80101841200209C120020D411002009
:1014F0008C11002004A70008801200201C1200207C
:1015000018A7000828A7000834A7000883130020A4
:1015100082130020811300203CA700080113002043
:1015200044A7000848A700084CA70008041300209F
:101530007C130020184B1B78002B2AD0174B1B68FC
:101540009BB21A461649002000F036FD04211548CA
:1015500002F017FD104B00221A701AE0002000F074
:1015600063FC002341F270720121002000F028FB8F
:10157000002000F0C7FC0DE0002341F27072012151
:10158000002000F01DFB002000F0BCFC02E000BFCA
:10159000BDE600BFBBE600BF011300207C130020A6
:1015A00004130020000C024080B594B000AF07F196
:1015B000200330220021184606F0C0FC07F10C037E
:1015C00000221A605A609A60DA601A610023BB60D8
:1015D000294B1B6C284A43F080531364264B1B6C29
:1015E00003F08053BB60BB6800237B60234B1B6808
:1015F00023F44043214A43F4004313601F4B1B680C
:1016000003F440437B607B6802233B620123FB625F
:1016100010233B630223BB630023FB6310233B6463
:101620004FF4A8737B640423BB640723FB6407F1B6
:101630002003184603F00CFB0346002B01D000F0FA
:1016400017FA0F23FB6002233B6100237B614FF4F9
:101650008053BB610023FB6107F10C030221184694
:1016600003F06EFD0346002B01D000F001FA00BF2D
:101670005037BD4680BD00BF0038024000700040BA
:1016800080B500AF124B134A1A60114B124A5A60D0
:101690000F4B00229A600E4B0022DA600C4B4FF485
:1016A00080421A610A4B00225A61094B00229A615A
:1016B000074B0022DA61064B00221A62044802F04E
:1016C0007BFC0346002B01D000F0D2F900BF80BDA7
:1016D000E0100020005C0040801A060080B500AFDA
:1016E000174B184A1A60164B4FF482725A60144B0B
:1016F00000229A60124B0022DA60114B00221A611C
:101700000F4B00225A610E4B4FF400729A610C4B42
:101710001822DA610A4B00221A62094B00225A622F
:10172000074B00229A62064B0A22DA62044803F051
:1017300027FF0346002B01D000F09AF900BF80BDBF
:10174000341100200030014080B586B000AF07F1B1
:10175000080300221A605A609A60DA603B46002251
:101760001A605A601D4B1E4A1A601C4B40F29F22A1
:101770005A601A4B00229A60184B4FF22342DA60EB
:10178000164B00221A61154B00229A61134804F08F
:10179000C9FC0346002B01D000F06AF94FF48053D6
:1017A000BB6007F1080319460C4804F05DFE0346D0
:1017B000002B01D000F05CF900233B6000237B602C
:1017C0003B461946054805F05FF80346002B01D05B
:1017D00000F04EF900BF1837BD4680BD8C110020C7
:1017E0000004004080B500AF114B124A1A60104B44
:1017F0004FF4E1325A600E4B00229A600C4B0022EB
:10180000DA600B4B00221A61094B0C225A61084B1B
:1018100000229A61064B0022DA61054805F0B6F80D
:101820000346002B01D000F023F900BF80BD00BFAC
:10183000D41100200014014080B58AB000AF07F138
:10184000140300221A605A609A60DA601A61002359
:101850003B614D4B1B6B4C4A43F0800313634A4B77
:101860001B6B03F080033B613B690023FB60464B2D
:101870001B6B454A43F001031363434B1B6B03F09F
:101880000103FB60FB680023BB603F4B1B6B3E4AC0
:1018900043F0040313633C4B1B6B03F00403BB6076
:1018A000BB6800237B60384B1B6B374A43F008034F
:1018B0001363354B1B6B03F008037B607B680023CD
:1018C0003B60314B1B6B304A43F0020313632E4BDA
:1018D0001B6B03F002033B603B6800224FF4C051D6
:1018E0002A4802F035FB00220421294802F030FB8F
:1018F00000224021274802F02BFB02237B610023BA
:10190000BB610123FB6107F1140319461F4802F074
:1019100083F94FF4C0537B610123BB610023FB615A
:1019200000233B6207F114031946184802F074F9CA
:1019300004237B610123BB610023FB6100233B6225
:1019400007F114031946124802F066F940237B613F
:101950000123BB610023FB6100233B6207F11403F9
:1019600019460C4802F058F901224FF480510748FB
:1019700002F0EEFA01224FF40061044802F0E8FAA6
:1019800000BF2837BD4680BD00380240000002403D
:10199000000C02400004024080B582B000AF7860C5
:1019A0000B467B807B681B680B4A93420FD17B8878
:1019B000DAB20A4B1A700A4B01221A703222094914
:1019C000094805F033F80421084802F0DAFA00BFAC
:1019D0000837BD4680BD00BF001401400013002041
:1019E000011300209C120020D4110020000C0240A2
:1019F00080B582B000AF7860184B1B780133DAB243
:101A0000164B1A70154B1B78062B02D9144B01226A
:101A10001A70144B1B78002B05D0134B1B78013325
:101A2000DAB2114B1A70104B1B78012B11D90E4BE7
:101A300000221A700B4B00221A7001224FF48051C1
:101A40000A4802F085FA01224FF40061074802F0CB
:101A50007FFA00BF0837BD4680BD00BF811300205C
:101A60008213002083130020801300200000024016
:101A700080B400AF72B600BF00BFFDE780B487B08E
:101A800000AF78607B68FB6000237B6100233B61D3
:101A90000AE0FA683B6913441B781A467B691344D1
:101AA0007B613B6901333B613B69162BF1D97B6953
:101AB00018461C37BD465DF8047B704790B585B06D
:101AC00000AF7860104BFB60FB681B680F4A9342C5
:101AD00001D0002313E0FB68DC69FB68043318467F
:101AE000FFF7CCFF03469C4201D0002307E0FB68D0
:101AF000043317221946786806F0E3FA01231846E2
:101B00001437BD4690BD00BF00000608E1D9C3A54B
:101B10002DE9B04392B000AF7860284B3B627B6800
:101B200007F124041D4628686968AA68EB680FC499
:101B300028692060AB8AAA7DA3801346A3717868C8
:101B4000FFF79CFF0346FB6301F0D4FD0023BB605D
:101B50000023FB6007237B610123BB610223FB6140
:101B600007F1080207F10C031146184601F034FF93
:101B700007F120033B6400237B6414E07B6C03F1DA
:101B8000006101F5C0213A6C7B6C13441B78DBB219
:101B900000229846914642464B46002001F058FDEF
:101BA0007B6C01337B647B6C1F2BE7D901F0C4FD98
:101BB00000BF4837BD46BDE8B08300BFE1D9C3A52B
:101BC00090B589B000AF0446084611461A46234630
:101BD000FB710346BB710B46BB801346FB700023B1
:101BE000FB83FB79072B02D94FF0FF330DE1BB7963
:101BF00003F00F03013B0D2B2CD801A252F823F068
:101C0000391C00085B1C00085B1C00085B1C0008FA
:101C1000551C0008551C0008551C0008551C0008E0
:101C2000551C00085B1C00085B1C0008551C0008C4
:101C3000551C00085B1C000807F108030422194624
:101C40004FF4706000F0A4FEBB68002B07D16FF06A
:101C50000203DAE06FF00403D7E000BF00E000BF4A
:101C6000FB7803F00403002B02D06FF00503CCE0F7
:101C7000FB78002B28D0BB79012B02D0022B08D097
:101C800022E0FB7803F02103002B1AD16FF005034B
:101C9000BBE0FB7803F02003002B06D097F903305C
:101CA000002B02DB6FF00503AFE0FB7803F01003BD
:101CB000002B08D097F90330002B04DB6FF00503ED
:101CC000A3E000BF00E000BFFB79184600F0ACF8CD
:101CD000FB799B000133D80097F9033023F00F0301
:101CE0005AB297F9063013435BB2DBB2194600F0E3
:101CF00001FEBB88002B10D1464B1B885A1C91B2A9
:101D0000444A1180BB80434B1B884FF6F0729342CC
:101D100003D1404B4FF440421A80FB799B000133C2
:101D2000DB0003F580631A46BB881B0A9BB2DBB25B
:101D30001946104600F0DEFDFB799B000133DB0005
:101D400003F5A0631A46BB88DBB21946104600F0C3
:101D5000D1FDFB799B000133DB0003F5807301218A
:101D6000184600F0C7FD00BFFB799B000133DB0084
:101D700003F58073184600F071FD0346002BF3D184
:101D8000FB79012202FA03F31BB2DB431AB2224BA6
:101D90001B881BB213401BB29AB21F4B1A80FB78F0
:101DA00003F00102FB7902FA03F31AB21A4B1B8803
:101DB0001BB213431BB29AB2174B1A80FB79012254
:101DC00002FA03F31BB2DB431AB2144B1B881BB29B
:101DD00013401BB29AB2114B1A80FB79104A0021B2
:101DE00022F81310FB790F4A0021D15400BFFB7970
:101DF0009B000133DB0003F54073184600F02EFD15
:101E00000346002BF3D097F9073018462437BD4618
:101E100090BD00BF0800002084130020861300201E
:101E2000881300209813002080B582B000AF0346CD
:101E3000FB71FB79072B02D94FF0FF3355E0FB799B
:101E40009B000133DB0003F580731021184600F07E
:101E500051FD00BFFB799B000133DB0003F580736C
:101E6000184600F0FBFC0346002BF3D1FB799B00E6
:101E70000133DB0003F500731F21184600F03AFD23
:101E8000FB79012202FA03F31BB2DB431AB2194BAE
:101E90001B881BB213401BB29AB2164B1A80FB79F7
:101EA000012202FA03F31BB2DB431AB2124B1B8866
:101EB0001BB213401BB29AB20F4B1A80FB790F4A28
:101EC000002122F81310FB790D4A0021D15400BFE4
:101ED000FB799B000133DB0003F54073184600F0EB
:101EE000BDFC0346002BF3D1012318460837BD463D
:101EF00080BD00BF841300208613002088130020BB
:101F00009813002080B582B000AF0346FB71FB79C7
:101F1000072B02D94FF0FF3349E0FB799B000133D7
:101F2000DB00184600F09AFC034603F00303012B84
:101F300002D06FF004033AE0FB799B000133DB0031
:101F400003F54073184600F089FC0346132B02D0BA
:101F50006FF002032BE0FB799B000133DB0003F5FC
:101F600080730221184600F0C5FC00BFFB799B007E
:101F70000133DB0003F58073184600F06FFC034665
:101F8000002BF3D106E0FB791846FFF74DFF6FF009
:101F900003030CE0FB799B000133DB0003F5407386
:101FA000184600F05BFC0346142BECD101231846C5
:101FB0000837BD4680BD000080B584B000AF034641
:101FC0003960FB711346BB800023FB730023BB8188
:101FD000FB79072B02D94FF0FF3338E1FB799B00E7
:101FE0000133DB00184600F039FC034603F00F0311
:101FF000012B02D06FF0040329E1BB88002B02D132
:102000006FF00D0323E1FB799B000133DB0003F547
:102010004073184600F022FC0346FB73FB7B172B32
:1020200005D0FB7B1C2B02D06FF006030FE18A4B1F
:102030001B881A46FB7942FA03F303F00103002BD5
:1020400039D0FB799B000133DB0003F500731846A0
:1020500000F004FC034603F01F03FB73FB7B03F05B
:102060001003002B19D0FB799B000133DB0003F533
:1020700000731021184600F03DFCFB79012202FAA2
:1020800003F31BB2DB431AB2734B1B881BB2134022
:102090001BB29AB2704B1A800DE0FB7B03F0080371
:1020A000002B06D0FB791846FFF7BEFE6FF00C033D
:1020B000CDE00023CBE0FB799B000133DB0003F58F
:1020C000F853184600F0CAFB03469B02BB81BA884E
:1020D000BB899A4201D9BB89BB80FB79184600F0C5
:1020E00017FD0346BB81FB799B000133DB0003F541
:1020F0004073184600F0B2FB0346FB73FB7B172BC3
:102100000CD0FB7B1C2B09D0FB7B002B03D1FB7974
:102110001846FFF789FE6FF0060398E04F4B1B88C7
:102120001A46FB7942FA03F303F00103002B05D0B2
:10213000BA88BB899A4201D9002388E0BA88BB8952
:102140009A4200D9C9E700BFBA88FB7939681846B6
:1021500000F070FD404B1B881A46FB7942FA03F3EE
:1021600003F00103002B4DD034E0FB799B000133D9
:10217000DB0003F54073184600F070FB0346FB7369
:10218000FB7B172B1AD0FB7B1C2B17D0FB7B002B68
:102190000DD0FB799B000133DB0003F5007318467B
:1021A00000F05CFB034603F00803002B03D0FB792F
:1021B0001846FFF739FE6FF0060348E0274B1B88EF
:1021C0001A46FB7942FA03F303F00103002B01D016
:1021D00000233CE0FB799B000133DB0003F5007337
:1021E000184600F03BFB034603F01003002BBCD065
:1021F000FB799B000133DB0003F5007310211846C7
:1022000000F078FBFB799B000133DB0003F5807362
:102210002021184600F06EFB00BFFB799B000133C4
:10222000DB0003F58073184600F018FB0346002B13
:10223000F3D1FB79012202FA03F31AB2064B1B8891
:102240001BB213431BB29AB2034B1A80BB881846C9
:102250001037BD4680BD00BF8613002084130020C8
:1022600090B585B000AF03463960FB711346BB8063
:102270000023FB730023BB81FB79072B02D94FF0AE
:10228000FF3398E0FB799B000133DB00184600F038
:10229000E5FA034603F00F03012B02D06FF00403AD
:1022A00089E0BB88002B02D16FF00D0383E0FB793E
:1022B0009B000133DB0003F5F053184600F0CEFA23
:1022C00003469B02BB81BA89BB889A4201D2BB8973
:1022D000BB80FB79184600F064FC0346BB81FB79A8
:1022E0009B000133DB0003F54073184600F0B6FA9B
:1022F0000346FB73FB7B172B26D0FB7B1C2B1CD1CF
:10230000BB89002B30D1FB79184600F001FC034655
:102310001C46FB799B000133DB0003F5F85318469C
:1023200000F09CFA03469B029C420DD1FB791846B3
:10233000FFF77AFD6FF006033DE0FB791846FFF7E3
:1023400073FD6FF0060336E01D4B1B881A46FB79C0
:1023500042FA03F303F00103002B01D000232AE02B
:10236000BB89002B02D1B4E700BF00E000BFBA89EF
:10237000BB889A4201D2BB89BB80BA88FB79396895
:10238000184600F0B1FCFB799B000133DB0003F53C
:1023900080734021184600F0ADFA00BFFB799B0026
:1023A0000133DB0003F58073184600F057FA03464B
:1023B000002BF3D1BB8818461437BD4690BD00BF33
:1023C0008413002080B483B000AF00237B60104BE7
:1023D0005B6C0F4A43F4804353640D4B5B6C03F416
:1023E00080437B607B6800233B60094B1B6C084A81
:1023F00043F080531364064B1B6C03F080533B6027
:102400003B6800BF0C37BD465DF8047B704700BFDA
:102410000038024080B58AB000AF786007F114033D
:1024200000221A605A609A60DA601A617B681B6841
:10243000294A93424BD100233B61284B1B6B274A0F
:1024400043F004031363254B1B6B03F004033B6150
:102450003B690023FB60214B1B6B204A43F00103C7
:1024600013631E4B1B6B03F00103FB60FB684FF40F
:1024700000737B611223BB610123FB6103233B6279
:1024800004237B6207F114031946154801F0C4FBCD
:102490004FF480737B611223BB610123FB61032333
:1024A0003B6204237B6207F1140319460D4801F0D7
:1024B000B3FB0023BB60094B1B6C084A43F40003C9
:1024C0001364064B1B6C03F40003BB60BB6800BFC6
:1024D0002837BD4680BD00BF005C00400038024088
:1024E000000802400000024080B58AB000AF78606A
:1024F00007F1140300221A605A609A60DA601A61C8
:102500007B681B68194A93422BD100233B61184B0F
:102510005B6C174A43F480535364154B5B6C03F4B4
:1025200080533B613B690023FB60114B1B6B104ADE
:1025300043F0020313630E4B1B6B03F00203FB60BB
:10254000FB6838237B610223BB610023FB6103230B
:102550003B6205237B6207F114031946054801F02D
:102560005BFB00BF2837BD4680BD00BF0030014087
:10257000003802400004024080B584B000AF7860AB
:102580007B681B680E4A934215D10023FB600D4BFC
:102590001B6C0C4A43F0020313640A4B1B6C03F0E0
:1025A0000203FB60FB68002200211D2000F087FF72
:1025B0001D2000F0A0FF00BF1037BD4680BD00BF4A
:1025C000000400400038024080B58AB000AF786057
:1025D00007F1140300221A605A609A60DA601A61E7
:1025E0007B681B681D4A934233D100233B611C4B1F
:1025F0005B6C1B4A43F020035364194B5B6C03F084
:1026000020033B613B690023FB60154B1B6B144AA5
:1026100043F004031363124B1B6B03F00403FB60D2
:10262000FB68C0237B610223BB610023FB610323A2
:102630003B6208237B6207F114031946094801F045
:10264000EBFA00220021472000F039FF472000F07C
:1026500052FF00BF2837BD4680BD00BF00140140B7
:10266000003802400008024080B400AF00BFFDE720
:1026700080B400AF00BFFDE780B400AF00BFFDE74E
:1026800080B400AF00BFFDE780B400AF00BFFDE73E
:1026900080B400AF00BFBD465DF8047B704780B4D6
:1026A00000AF00BFBD465DF8047B704780B400AF4B
:1026B00000BFBD465DF8047B704780B500AF00F0F9
:1026C000DFFD00BF80BD000080B500AF024803F011
:1026D000DBFD00BF80BD00BF8C11002080B500AFC6
:1026E000024804F001FA00BF80BD00BFD4110020F1
:1026F00080B586B000AFF860B9607A6000237B6176
:102700000AE0AFF300800146BB685A1CBA60CAB247
:102710001A707B6901337B617A697B689A42F0DBCE
:102720007B6818461837BD4680BD80B586B000AFBF
:10273000F860B9607A6000237B6109E0BB685A1CCD
:10274000BA601B781846AFF300807B6901337B6168
:102750007A697B689A42F1DB7B6818461837BD4678
:1027600080BD80B483B000AF78604FF0FF3318466F
:102770000C37BD465DF8047B704780B483B000AF72
:10278000786039603B684FF400525A600023184665
:102790000C37BD465DF8047B704780B483B000AF52
:1027A0007860012318460C37BD465DF8047B7047FE
:1027B00080B485B000AFF860B9607A600023184635
:1027C0001437BD465DF8047B7047000080B586B0C5
:1027D00000AF7860144A154BD31A7B617B693B616B
:1027E000134B1B68002B02D1114B124A1A60104B7D
:1027F0001A687B6813443A699A4207D205F034FCA0
:1028000003460C221A604FF0FF3309E0084B1B68A7
:10281000FB60074B1A687B681344054A1360FB682A
:1028200018461837BD4680BD008001200004000016
:10283000A01300200015002080B400AF064BD3F891
:102840008830054A43F47003C2F8883000BFBD46A3
:102850005DF8047B704700BF00ED00E080B584B0F8
:1028600000AF7860224BDB689847214B5B69984743
:102870001F4B5B6A002B03D01D4B9B6A002B14D1AE
:102880001B4B1B6A7A68120CD2B210469847184B41
:102890001B6A7A68120AD2B210469847144B1B6A18
:1028A0007A68D2B21046984711E07B681B0CDBB205
:1028B0003B737B681B0ADBB27B737B68DBB2BB7349
:1028C0000B4B9B6A07F10C02032110469847084BFB
:1028D000DB6998470346FB73054B9B699847044B9C
:1028E0001B699847FB7B18461037BD4680BD00BF6B
:1028F0001000002080B584B000AF78600B46FB70FC
:10290000224BDB689847214B5B6998477B6843F013
:1029100004037B601D4B9B6A002B19D11B4B1B6A68
:102920007A68120CD2B210469847184B1B6A7A6824
:10293000120AD2B210469847144B1B6A7A68D2B278
:1029400010469847114B1B6AFA781046984713E0D7
:102950007B681B0CDBB23B737B681B0ADBB27B73AF
:102960007B68DBB2BB73FB78FB73084B9B6A07F198
:102970000C02042110469847044B9B699847034B6F
:102980001B69984700BF1037BD4680BD100000206E
:1029900090B587B000AFF860B9601346FB802B4B51
:1029A000DB689847294B5B699847284B5B6A002B8B
:1029B00003D0264B9B6A002B26D1244B1B6AFA6856
:1029C000120CD2B210469847204B1B6AFA68120AC2
:1029D000D2B2104698471D4B1B6AFA68D2B2104615
:1029E00098470023FB820AE0184BDB69FA8AB96832
:1029F0008C18984703462370FB8A0133FB82FA8ABE
:102A0000FB889A42F0D317E0FB681B0CDBB23B74E7
:102A1000FB681B0ADBB27B74FB68DBB2BB740B4B3D
:102A20009B6A07F11002032110469847074B5B6A27
:102A3000FA881146B8689847044B9B699847034B3E
:102A40001B69984700BF1C37BD4690BD1000002091
:102A500080B586B000AFF860B9601346FB802B4BA1
:102A6000DB689847294B5B699847FB6843F0040390
:102A7000FB60264B9B6A002B26D1244B1B6AFA680D
:102A8000120CD2B210469847204B1B6AFA68120A01
:102A9000D2B2104698471D4B1B6AFA68D2B2104654
:102AA00098470023FB820AE0184B1B6AFA8AB96830
:102AB0000A44127810469847FB8A0133FB82FA8A4F
:102AC000FB889A42F0D317E0FB681B0CDBB23B7427
:102AD000FB681B0ADBB27B74FB68DBB2BB740B4B7D
:102AE0009B6A07F11002032110469847074B9B6A27
:102AF000FA881146B8689847044B9B699847034B7E
:102B00001B69984700BF1837BD4680BD10000020E4
:102B100090B585B000AF0346FB710023FB81002315
:102B2000BB81FB799B000133DB0003F500531846A2
:102B3000FFF794FE0346BB81BB891B029CB2FB7965
:102B40009B000133DB0003F504531846FFF786FEB4
:102B500003462344BB81BB89002B19D0FB799B0022
:102B60000133DB0003F500531846FFF777FE0346F9
:102B7000FB81FB891B029CB2FB799B000133DB00CC
:102B800003F504531846FFF769FE03462344FB810F
:102B9000FA89BB899A42C4D1FB8918461437BD46CD
:102BA00090BD90B585B000AF0346FB710023FB815B
:102BB0000023BB81FB799B000133DB0003F5185335
:102BC0001846FFF74BFE0346BB81BB891B029CB234
:102BD000FB799B000133DB0003F51C531846FFF71C
:102BE0003DFE03462344BB81BB89002B19D0FB79F2
:102BF0009B000133DB0003F518531846FFF72EFE48
:102C00000346FB81FB891B029CB2FB799B000133CD
:102C1000DB0003F51C531846FFF720FE0346234450
:102C2000FB81FA89BB899A42C4D1FB8918461437C3
:102C3000BD4690BD90B585B000AF03463960FB71CD
:102C40001346BB800023FB810023BB60BB88002BA5
:102C500046D0FB799B000133DB0003F51053184687
:102C6000FFF7FCFD03461B029CB2FB799B0001337E
:102C7000DB0003F514531846FFF7F0FD0346234429
:102C8000FB81FB891A02FB799B000233DB001344B2
:102C9000BB60BB881A463968B868FFF7D9FEFA8965
:102CA000BB881344FB81FB799B000133DB0003F5F8
:102CB00010531A46FB891B0A9BB2DBB21946104619
:102CC000FFF718FEFB799B000133DB0003F514537B
:102CD0001A46FB89DBB219461046FFF70BFE00E0EF
:102CE00000BF1437BD4690BD90B585B000AF034618
:102CF0003960FB711346BB800023FB810023BB605E
:102D0000BB88002B46D0FB799B000133DB0003F529
:102D100020531846FFF7A2FD03461B029CB2FB7925
:102D20009B000133DB0003F524531846FFF796FDA3
:102D300003462344FB81FB891A02FB799B00033382
:102D4000DB001344BB60BB881A463968B868FFF7DC
:102D50001FFEFA89BB881344FB81FB799B0001337A
:102D6000DB0003F520531A46FB891B0A9BB2DBB23A
:102D700019461046FFF7BEFDFB799B000133DB00CF
:102D800003F524531A46FB89DBB219461046FFF7B8
:102D9000B1FD00E000BF1437BD4690BD80B400AF68
:102DA00000BFBD465DF8047B704780B400AF00BF34
:102DB000BD465DF8047B704780B400AF00BFBD46E0
:102DC0005DF8047B704780B400AF00BFBD465DF87E
:102DD000047B704780B483B000AF78607B681B7859
:102DE000DBB218460C37BD465DF8047B704780B4F3
:102DF00083B000AF78600B46FB707B68FA781A707E
:102E000000BF0C37BD465DF8047B704780B400AF4F
:102E100000231846BD465DF8047B704780B483B03C
:102E200000AF0346FB7100BF0C37BD465DF8047B65
:102E30007047000080B483B000AF786039607B6871
:102E4000002B02D03B68002B06D10A4B0A4A5A617C
:102E5000084B0A4A9A6106E0064A7B685361054AB4
:102E60003B68936100BF00BF0C37BD465DF8047B33
:102E7000704700BF10000020B92D0008C72D0008C2
:102E800080B483B000AF7860396000BF0F4B1B88FF
:102E900003F40073002BF9D07B68002B02D03B6851
:102EA000002B06D1094B0A4ADA61084B094A1A621B
:102EB00006E0064A7B68D361044A3B68136200BFA0
:102EC00000BF0C37BD465DF8047B70471000002042
:102ED0000D2E00081D2E000880B586B000AF3B1DEA
:102EE000062219464FF41060FFF752FD07F1140354
:102EF000042219464FF48070FFF74AFD07F11003D2
:102F0000042219464FF4A060FFF742FD07F10C03BD
:102F1000042219464FF47060FFF73AFD802100202B
:102F2000FFF7E8FC0020FFF799FC3B1D062219463D
:102F30004FF41060FFF78CFD07F1140304221946CB
:102F40004FF48070FFF784FD07F110030422194647
:102F50004FF4A060FFF77CFD07F10C030422194633
:102F60004FF47060FFF774FD00BF1837BD4680BD99
:102F700080B584B000AF786039600023BB73FFF781
:102F8000ABFF7B68002B3BD00023BB730023FB739C
:102F900015E097F90F307A6813441A78BB7B134415
:102FA000DBB2BB7397F90E30102B02DD4FF0FF330D
:102FB00066E097F90F30DBB20133DBB2FB7397F9B0
:102FC0000F30072BE5DD0023FB7315E097F90F3079
:102FD0009B000133DB0003F5F853184697F90F30D7
:102FE0007A6813441B781946FFF784FC97F90F3071
:102FF000DBB20133DBB2FB7397F90F30072BE5DD52
:103000003B68002B3BD00023BB730023FB7315E010
:1030100097F90F303A6813441A78BB7B1344DBB23C
:10302000BB7397F90E30102B02DD4FF0FF3327E012
:1030300097F90F30DBB20133DBB2FB7397F90F3036
:10304000072BE5DD0023FB7315E097F90F309B009C
:103050000133DB0003F5F053184697F90F303A6857
:1030600013441B781946FFF745FC97F90F30DBB284
:103070000133DBB2FB7397F90F30072BE5DD00233B
:1030800018461037BD4680BD80B582B000AF78606D
:103090007B68062219464FF41060FFF7D9FC7B6865
:1030A0000E33042219464FF48070FFF7D1FC7B6881
:1030B0000A33042219464FF4A060FFF7C9FC7B686D
:1030C0000633042219464FF47060FFF7C1FC7B6899
:1030D0009A7C0B4B1A707B68DA7C094B5A707B68C0
:1030E0001A7D074B9A707B685A7D054BDA707B68B6
:1030F0009A7D044B1A7000BF0837BD4680BD00BFE3
:10310000A4130020A813002080B582B000AF78601F
:103110007B68062219464FF41060FFF739FC7B6884
:103120000E33042219464FF48070FFF731FC7B68A0
:103130000A33042219464FF4A060FFF729FC7B688C
:103140000633042219464FF47060FFF721FC0C4B44
:103150001A787B689A740A4B5A787B68DA74084B41
:103160009A787B681A75064BDA787B685A75054B36
:103170001A787B689A7500BF0837BD4680BD00BFCE
:10318000A4130020A8130020DFF834D0FFF754FB6D
:103190000C480D490D4A002302E0D458C4500433B2
:1031A000C4188C42F9D30A4A0A4C002301E0136088
:1031B0000432A242FBD304F05DFFFDF7E1FF70474C
:1031C0000080012000000020C0000020F0A80008BE
:1031D000C0000020FC140020FEE7000080B500AF16
:1031E0000E4B1B680D4A43F4007313600B4B1B68B6
:1031F0000A4A43F480631360084B1B68074A43F490
:1032000080731360032000F04FF9002000F008F8ED
:10321000FFF7D8F80023184680BD00BF003C0240ED
:1032200080B582B000AF7860124B1A68124B1B78E1
:1032300019464FF47A73B3FBF1F3B2FBF3F318467C
:1032400000F067F90346002B01D001230EE07B68F4
:103250000F2B0AD8002279684FF0FF3000F02FF9C9
:10326000064A7B681360002300E0012318460837F4
:10327000BD4680BD0C000020400000203C00002026
:1032800080B400AF064B1B781A46064B1B681344EC
:10329000044A136000BFBD465DF8047B704700BF61
:1032A00040000020AC13002080B400AF034B1B682B
:1032B0001846BD465DF8047B704700BFAC13002084
:1032C00080B584B000AF7860FFF7EEFFB8607B6830
:1032D000FB60FB68B3F1FF3F05D00A4B1B781A4631
:1032E000FB681344FB6000BFFFF7DEFF0246BB68CC
:1032F000D31AFA689A42F7D800BF00BF1037BD460C
:1033000080BD00BF4000002080B485B000AF786071
:103310007B6803F00703FB600C4BDB68BB60BA689B
:103320004FF6FF031340BB60FB681A02BB681343F0
:1033300043F0BF6343F40033BB60044ABB68D3600F
:1033400000BF1437BD465DF8047B704700ED00E018
:1033500080B400AF044BDB681B0A03F00703184678
:10336000BD465DF8047B704700ED00E080B483B09B
:1033700000AF0346FB7197F90730002B0BDBFB799D
:1033800003F01F02074997F907305B09012000FA93
:1033900002F241F8232000BF0C37BD465DF8047BE4
:1033A000704700BF00E100E080B483B000AF034687
:1033B0003960FB7197F90730002B0ADB3B68DAB202
:1033C0000C4997F907301201D2B20B4483F800235D
:1033D0000AE03B68DAB20849FB7903F00F03043BCB
:1033E0001201D2B20B441A7600BF0C37BD465DF80D
:1033F000047B704700E100E000ED00E080B489B09C
:1034000000AFF860B9607A60FB6803F00703FB6106
:10341000FB69C3F10703042B28BF0423BB61FB69CD
:103420000433062B02D9FB69033B00E000237B61D8
:103430004FF0FF32BB6902FA03F3DA43BB681A406C
:103440007B699A404FF0FF317B6901FA03F3D9435E
:103450007B680B40134318462437BD465DF8047B58
:103460007047000080B582B000AF78607B68013B98
:10347000B3F1807F01D301230FE00A4A7B68013B4F
:1034800053600F214FF0FF30FFF78EFF054B0022F6
:103490009A60044B07221A60002318460837BD467D
:1034A00080BD00BF10E000E080B582B000AF786062
:1034B0007868FFF729FF00BF0837BD4680BD80B59B
:1034C00086B000AF0346B9607A60FB7300237B616E
:1034D000FFF73EFF78617A68B9687869FFF78EFF79
:1034E000024697F90F3011461846FFF75DFF00BFFF
:1034F0001837BD4680BD80B582B000AF0346FB7172
:1035000097F907301846FFF731FF00BF0837BD466F
:1035100080BD80B582B000AF78607868FFF7A2FF09
:10352000034618460837BD4680BD80B584B000AF5D
:1035300078607B689B6DFB60FFF7B6FEB8607B68C8
:1035400093F83530DBB2022B08D07B6880225A65B5
:103550007B68002283F83420012352E07B681B68DB
:103560001A687B681B6822F016021A607B681B6869
:103570005A697B681B6822F080025A617B681B6C69
:10358000002B03D17B689B6C002B07D07B681B68EA
:103590001A687B681B6822F008021A607B681B6847
:1035A0001A687B681B6822F001021A6013E0FFF7BB
:1035B0007BFE0246BB68D31A052B0CD97B68202200
:1035C0005A657B68032283F835207B68002283F8E4
:1035D0003420032315E07B681B681B6803F001039C
:1035E000002BE4D17B68DB6D3F229A40FB689A6038
:1035F0007B68012283F835207B68002283F8342021
:10360000002318461037BD4680BD80B483B000AF9C
:1036100078607B6893F83530DBB2022B04D07B688E
:1036200080225A6501230CE07B68052283F835204F
:103630007B681B681A687B681B6822F001021A60AD
:10364000002318460C37BD465DF8047B7047000028
:1036500080B586B000AFF860B960C7E90023234B9E
:103660001B7E012B01D102233BE0204B01221A7665
:103670004CF2503000F070F80346FB75FB7D002BD8
:103680002BD1FB68002B05D13B781946B86800F0B8
:103690001BF916E0FB68012B05D13B881946B86879
:1036A00000F0EEF80DE0FB68022B05D13B681946EF
:1036B000B86800F0C3F804E0D7E90023B86800F068
:1036C0008BF84CF2503000F047F80346FB75084B7E
:1036D0001B69074A23F001031361044B00221A7689
:1036E000FB7D18461837BD4680BD00BF4400002052
:1036F000003C024080B483B000AF0023FB710B4B51
:103700001B69002B0BDA094B094A5A60074B094A1F
:103710005A60064B1B69002B01DA0123FB71FB7910
:1037200018460C37BD465DF8047B7047003C0240EC
:1037300023016745AB89EFCD80B400AF054B1B6912
:10374000044A43F00043136100231846BD465DF868
:10375000047B7047003C024080B584B000AF7860C5
:103760000023FB601A4B0022DA61FFF79DFDF86031
:1037700010E07B68B3F1FF3F0CD07B68002B07D0D3
:10378000FFF792FD0246FB68D31A7A689A4201D28B
:10379000032319E00F4BDB6803F48033002BE8D1DF
:1037A0000C4BDB6803F00103002B02D0094B012214
:1037B000DA60084BDB6803F4F973002B03D000F0E8
:1037C000A5F8012300E0002318461037BD4680BD50
:1037D00044000020003C024080B485B000AFF86097
:1037E000C7E90023144B1B69134A23F44073136188
:1037F000114B1B69104A43F4407313610E4B1B6954
:103800000D4A43F001031361FB683A681A60BFF385
:103810006F8F00BFD7E900014FF000024FF00003A7
:103820000A000023F968043113460B6000BF143707
:10383000BD465DF8047B7047003C024080B483B015
:1038400000AF786039600D4B1B690C4A23F440735C
:1038500013610A4B1B69094A43F400731361074B58
:103860001B69064A43F0010313617B683A681A60DA
:1038700000BF0C37BD465DF8047B7047003C02403A
:1038800080B483B000AF78600B467B800D4B1B6922
:103890000C4A23F4407313610A4B1B69094A43F431
:1038A00080731361074B1B69064A43F001031361E0
:1038B0007B687A881A8000BF0C37BD465DF8047BB0
:1038C000704700BF003C024080B483B000AF786016
:1038D0000B46FB700C4B1B690B4A23F440731361BE
:1038E000094B094A1B691361074B1B69064A43F0E0
:1038F000010313617B68FA781A7000BF0C37BD466C
:103900005DF8047B704700BF003C024080B400AF0C
:103910002F4BDB6803F01003002B08D02D4BDB6925
:1039200043F010032B4AD361294B1022DA60284B55
:10393000DB6803F02003002B08D0264BDB6943F043
:103940000803244AD361224B2022DA60204BDB6833
:1039500003F04003002B08D01E4BDB6943F0040347
:103960001C4AD3611A4B4022DA60194BDB6803F022
:103970008003002B08D0174BDB6943F00203154A84
:10398000D361134B8022DA60114BDB6803F4807340
:10399000002B09D00F4BDB6943F001030D4AD361C3
:1039A0000B4B4FF48072DA60094BDB6803F00203C3
:1039B000002B08D0074BDB6943F02003054AD36195
:1039C000034B0222DA6000BFBD465DF8047B7047FE
:1039D000003C02404400002080B584B000AF786015
:1039E00039600023BB60314B1B7E012B01D10223C8
:1039F00058E02E4B01221A764CF25030FFF7ACFE05
:103A00000346FB73FB7B002B48D13B684FF0FF3232
:103A10001A607B681B68012B15D17B681B69DAB2C1
:103A20007B685B681946104600F044F84CF2503051
:103A3000FFF792FE0346FB731D4B1B691C4A23F0E4
:103A40000403136128E07B689B68BB601CE07B6813
:103A50001B69DBB21946B86800F050F84CF25030E0
:103A6000FFF77AFE0346FB73114B1B69104A23F0E4
:103A7000FA031361FB7B002B03D03B68BA681A6022
:103A80000AE0BB680133BB607B68DA687B689B68CF
:103A90001344BA689A42DAD300F078F8034B002254
:103AA0001A76FB7B18461037BD4680BD44000020C7
:103AB000003C024080B483B000AF03463960FB7124
:103AC0000D4B1B690C4A23F4407313610A4B1B69AD
:103AD000094A43F004031361074B1A69FB791B027F
:103AE0001343054A43F48033136100BF0C37BD46CE
:103AF0005DF8047B704700BF003C024080B485B095
:103B000000AF78600B46FB700023FB60FB78002B56
:103B100002D10023FB6010E0FB78012B03D14FF4AE
:103B20008073FB6009E0FB78022B03D14FF4007334
:103B3000FB6002E04FF44073FB60134B1B69124AB9
:103B400023F440731361104B1A690F49FB68134348
:103B50000B610D4B1B690C4A23F0F80313610A4BF0
:103B60001A697B68DB001343074A43F002031361C1
:103B7000054B1B69044A43F48033136100BF1437BB
:103B8000BD465DF8047B7047003C024080B400AF46
:103B9000204B1B6803F40073002B17D01D4B1B68D0
:103BA0001C4A23F4007313601A4B1B68194A43F430
:103BB00000631360174B1B68164A23F400631360FD
:103BC000144B1B68134A43F400731360114B1B68BA
:103BD00003F48063002B17D00E4B1B680D4A23F4AF
:103BE000806313600B4B1B680A4A43F480531360D5
:103BF000084B1B68074A23F480531360054B1B686E
:103C0000044A43F48063136000BFBD465DF8047B43
:103C1000704700BF003C024080B489B000AF7860BC
:103C2000396000237B6100233B610023BB610023DB
:103C3000FB6159E10122FB6902FA03F37B613B68F6
:103C40001B687A6913403B613A697B699A4240F08C
:103C500048813B685B6803F00303012B05D03B6898
:103C60005B6803F00303022B30D17B689B68BB6168
:103C7000FB695B00032202FA03F3DB43BA691340DA
:103C8000BB613B68DA68FB695B0002FA03F3BA695F
:103C90001343BB617B68BA699A607B685B68BB61F0
:103CA0000122FB6902FA03F3DB43BA691340BB61EB
:103CB0003B685B681B0903F00102FB6902FA03F32E
:103CC000BA691343BB617B68BA695A603B685B6839
:103CD00003F00303032B17D07B68DB68BB61FB6930
:103CE0005B00032202FA03F3DB43BA691340BB61B2
:103CF0003B689A68FB695B0002FA03F3BA691343F5
:103D0000BB617B68BA69DA603B685B6803F00303F8
:103D1000022B23D1FB69DA087B68083253F8223082
:103D2000BB61FB6903F007039B000F2202FA03F358
:103D3000DB43BA691340BB613B681A69FB6903F056
:103D400007039B0002FA03F3BA691343BB61FB69E3
:103D5000DA087B680832B96943F822107B681B686F
:103D6000BB61FB695B00032202FA03F3DB43BA6920
:103D70001340BB613B685B6803F00302FB695B00B7
:103D800002FA03F3BA691343BB617B68BA691A602C
:103D90003B685B6803F44033002B00F0A2800023F3
:103DA000FB60574B5B6C564A43F480435364544B5F
:103DB0005B6C03F48043FB60FB68524AFB699B0821
:103DC000023352F82330BB61FB6903F003039B000D
:103DD0000F2202FA03F3DB43BA691340BB617B682D
:103DE000494A934219D07B68484A934213D07B6872
:103DF000474A93420DD07B68464A934207D07B687E
:103E0000454A934201D1042308E0072306E0032337
:103E100004E0022302E0012300E00023FA6902F03B
:103E2000030292009340BA691343BB613549FB69B1
:103E30009B080233BA6941F82320384B9B68BB6169
:103E40003B69DB43BA691340BB613B685B6803F4C1
:103E50008013002B03D0BA693B691343BB612F4A1F
:103E6000BB6993602D4BDB68BB613B69DB43BA697F
:103E70001340BB613B685B6803F40013002B03D065
:103E8000BA693B691343BB61244ABB69D360234BC6
:103E90005B68BB613B69DB43BA691340BB613B684C
:103EA0005B6803F40033002B03D0BA693B6913430A
:103EB000BB611A4ABB695360184B1B68BB613B6905
:103EC000DB43BA691340BB613B685B6803F4803332
:103ED000002B03D0BA693B691343BB610F4ABB692E
:103EE0001360FB690133FB61FB690F2B7FF6A2AE08
:103EF00000BF00BF2437BD465DF8047B704700BF9C
:103F00000038024000380140000002400004024036
:103F100000080240000C024000100240003C01403A
:103F200080B485B000AF78600B467B807B681A69EF
:103F30007B881340002B02D00123FB7301E0002398
:103F4000FB73FB7B18461437BD465DF8047B704756
:103F500080B483B000AF78600B467B8013467B70E3
:103F60007B78002B03D07A887B689A6103E07B889A
:103F70001A047B689A6100BF0C37BD465DF8047B6C
:103F8000704780B485B000AF78600B467B807B685B
:103F90005B69FB607A88FB6813401A04FB68D943AD
:103FA0007B880B401A437B689A6100BF1437BD467B
:103FB0005DF8047B7047000080B584B000AF786086
:103FC0007B68002B01D101232BE17B6893F83D3006
:103FD000DBB2002B06D17B68002283F83C20786896
:103FE000FEF718FA7B68242283F83D207B681B6863
:103FF0001A687B681B6822F001021A607B681B68E4
:104000001A687B681B6842F400421A607B681B6870
:104010001A687B681B6822F400421A6001F088FA73
:10402000F8607B685B68814A934207D8FB68804AE6
:10403000934294BF01230023DBB206E0FB687D4A74
:10404000934294BF01230023DBB2002B01D0012354
:10405000E7E0FB68784AA2FB03239B0CBB607B680C
:104060001B685B6823F03F017B681B68BA680A43E2
:104070005A607B681B681B6A23F03F017B685B68A2
:104080006A4A934202D8BB68013309E0BB684FF427
:10409000967202FB03F3694AA2FB03239B090133D7
:1040A0007A6812680B4313627B681B68DB6923F430
:1040B0004F4222F0FF027B685B685C498B4219D853
:1040C000FB68591E7B685B685B00B1FBF3F3591C0E
:1040D00040F6FC730B40002B0AD0FB68591E7B682E
:1040E0005B685B00B1FBF3F30133C3F30B0351E0F7
:1040F00004234FE07B689B68002B11D1FB68581E9E
:104100007B6859680B465B000B44B0FBF3F301334B
:10411000C3F30B03002B0CBF01230023DBB212E01F
:10412000FB68581E7B6859680B469B000B4499003E
:104130000B44B0FBF3F30133C3F30B03002B0CBFB1
:1041400001230023DBB2002B01D0012322E07B6896
:104150009B68002B0ED1FB68581E7B6859680B4684
:104160005B000B44B0FBF3F30133C3F30B0343F4E5
:1041700000430FE0FB68581E7B6859680B469B00A4
:104180000B4499000B44B0FBF3F30133C3F30B036F
:1041900043F44043796809681343CB617B681B682B
:1041A0001B6823F0C0017B68DA697B681B6A1A43CD
:1041B0007B681B680A431A607B681B689B6823F452
:1041C000034323F0FF037A6811697A68D2681143C8
:1041D0007A6812680B4393607B681B68DB6823F086
:1041E000FF017B685A697B689B691A437B681B687F
:1041F0000A43DA607B681B681A687B681B6842F0B8
:1042000001021A607B6800221A647B68202283F80E
:104210003D207B6800221A637B68002283F83E20E1
:10422000002318461037BD4680BD00BFA0860100A0
:104230007F841E00FF083D0083DE1B43D34D6210C8
:1042400080B58CB002AFF860084611461A460346A6
:104250007B810B463B811346FB80FFF725F8786294
:10426000FB6893F83D30DBB2202B40F014827B6A70
:104270000093192301227B49F86800F0FBFA0346FA
:10428000002B01D0022307E2FB6893F83C30012B9E
:1042900001D1022300E2FB68012283F83C20FB6885
:1042A0001B681B6803F00103012B07D0FB681B6828
:1042B0001A68FB681B6842F001021A60FB681B6801
:1042C0001A68FB681B6822F400621A60FB682222ED
:1042D00083F83D20FB68402283F83E20FB680022E3
:1042E0001A64FB683A6B5A62FB68BA8E5A85FB689F
:1042F0005B8D9AB2FB681A85FB685B4ADA62F888C4
:104300003A8979897B6A0193BB6B00930346F8680D
:1043100000F0C8F90346002B01D00123BCE1FB6883
:104320001B8D002B13D100233B62FB681B685B696C
:104330003B62FB681B689B693B623B6AFB681B68CE
:104340001A68FB681B6842F400721A6090E1FB680F
:104350001B8D012B1BD1FB681B681A68FB681B684F
:1043600022F480621A600023FB61FB681B685B69B2
:10437000FB61FB681B689B69FB61FB69FB681B6851
:104380001A68FB681B6842F400721A6070E1FB68EF
:104390001B8D022B1BD1FB681B681A68FB681B680E
:1043A00022F480621A60FB681B681A68FB681B684D
:1043B00042F400621A600023BB61FB681B685B6902
:1043C000BB61FB681B689B69BB61BB6950E1002353
:1043D0007B61FB681B685B697B61FB681B689B6991
:1043E0007B617B6944E1FB681B8D032B00F2F1804C
:1043F000FB681B8D012B23D17A6AB96BF86800F03A
:104400009BFB0346002B01D0012345E1FB681B68A1
:104410001A69FB685B6AD2B21A70FB685B6A5A1C45
:10442000FB685A62FB681B8D013B9AB2FB681A85D8
:10443000FB685B8D9BB2013B9AB2FB685A8517E122
:10444000FB681B8D022B4ED17B6A0093BB6B002255
:104450000649F86800F00EFA0346002B08D0012345
:104460001AE100BF020010000000FFFF040001007D
:10447000FB681B681A68FB681B6842F400721A60CC
:10448000FB681B681A69FB685B6AD2B21A70FB682A
:104490005B6A5A1CFB685A62FB681B8D013B9AB22F
:1044A000FB681A85FB685B8D9BB2013B9AB2FB6887
:1044B0005A85FB681B681A69FB685B6AD2B21A707E
:1044C000FB685B6A5A1CFB685A62FB681B8D013BE8
:1044D0009AB2FB681A85FB685B8D9BB2013B9AB26E
:1044E000FB685A85C4E07B6A0093BB6B00226C4971
:1044F000F86800F0BFF90346002B01D00123CBE0A0
:10450000FB681B681A68FB681B6822F480621A60EB
:10451000FB681B681A69FB685B6AD2B21A70FB6899
:104520005B6A5A1CFB685A62FB681B8D013B9AB29E
:10453000FB681A85FB685B8D9BB2013B9AB2FB68F6
:104540005A857B6A0093BB6B00225549F86800F0DE
:1045500091F90346002B01D001239DE0FB681B6805
:104560001A68FB681B6842F400721A60FB681B68DB
:104570001A69FB685B6AD2B21A70FB685B6A5A1CE4
:10458000FB685A62FB681B8D013B9AB2FB681A8577
:10459000FB685B8D9BB2013B9AB2FB685A85FB6856
:1045A0001B681A69FB685B6AD2B21A70FB685B6AA7
:1045B0005A1CFB685A62FB681B8D013B9AB2FB6870
:1045C0001A85FB685B8D9BB2013B9AB2FB685A85EA
:1045D0004EE07A6AB96BF86800F0AEFA0346002B39
:1045E00001D0012358E0FB681B681A69FB685B6A0D
:1045F000D2B21A70FB685B6A5A1CFB685A62FB688D
:104600001B8D013B9AB2FB681A85FB685B8D9BB2E0
:10461000013B9AB2FB685A85FB681B685B6903F033
:104620000403042B24D1FB681B8D032B07D1FB68EB
:104630001B681A68FB681B6822F480621A60FB68BA
:104640001B681A69FB685B6AD2B21A70FB685B6A06
:104650005A1CFB685A62FB681B8D013B9AB2FB68CF
:104660001A85FB685B8D9BB2013B9AB2FB685A8549
:10467000FB681B8D002B7FF4B6AEFB68202283F80D
:104680003D20FB68002283F83E20FB68002283F86F
:104690003C20002300E0022318462837BD4680BD99
:1046A0000400010080B588B002AFF86008461146EA
:1046B0001A4603467B810B463B811346FB80FB6811
:1046C0001B681A68FB681B6842F480621A60FB680A
:1046D0001B681A68FB681B6842F480721A607B6A68
:1046E00000933B6A00224FF00111F86800F0C2F815
:1046F0000346002B0DD0FB681B681B6803F4807316
:10470000B3F5807F03D1FB684FF400721A64032372
:10471000AAE07B89DBB21A46FB681B6802F0FE0246
:104720001A617B6A3A6A5249F86800F01DF903463B
:10473000002B01D0012397E000237B61FB681B68FD
:104740005B697B61FB681B689B697B617B697A6A3B
:10475000396AF86800F0A8F90346002B0DD0FB6811
:104760001B6C042B07D1FB681B681A68FB681B686D
:1047700042F400721A60012376E0FB88012B05D118
:104780003B89DAB2FB681B681A6121E03B891B0A8E
:104790009BB2DAB2FB681B681A617A6A396AF868F8
:1047A00000F082F90346002B0DD0FB681B6C042B34
:1047B00007D1FB681B681A68FB681B6842F400722B
:1047C0001A60012350E03B89DAB2FB681B681A616A
:1047D0007A6A396AF86800F067F90346002B0DD051
:1047E000FB681B6C042B07D1FB681B681A68FB680D
:1047F0001B6842F400721A60012335E0FB681B68F5
:104800001A68FB681B6842F480721A607B6A009326
:104810003B6A00224FF00111F86800F02BF80346C4
:10482000002B0DD0FB681B681B6803F48073B3F585
:10483000807F03D1FB684FF400721A64032313E0F6
:104840007B89DBB243F00103DAB2FB681B681A61B3
:104850007B6A3A6A0649F86800F086F80346002B3E
:1048600001D0012300E0002318461837BD4680BD63
:104870000200010080B584B000AFF860B9603B6011
:104880001346FB7148E03B68B3F1FF3F44D0FEF7AD
:104890000BFD0246BB69D31A3A689A4202D33B68C1
:1048A000002B39D1BB681B0CDBB2012B0DD1FB688F
:1048B0001B685B69DA43BB6813409BB2002B0CBFDB
:1048C00001230023DBB21A460CE0FB681B689B69DE
:1048D000DA43BB6813409BB2002B0CBF01230023BB
:1048E000DBB21A46FB799A4216D1FB6800221A63A2
:1048F000FB68202283F83D20FB68002283F83E20DD
:10490000FB681B6C43F02002FB681A64FB68002202
:1049100083F83C20012323E0BB681B0CDBB2012B96
:104920000DD1FB681B685B69DA43BB6813409BB21F
:10493000002B0CBF01230023DBB21A460CE0FB68FE
:104940001B689B69DA43BB6813409BB2002B0CBF0A
:1049500001230023DBB21A46FB799A4293D000234D
:1049600018461037BD4680BD80B584B000AFF860F2
:10497000B9607A603B6071E0FB681B685B6903F4B7
:104980008063B3F5806F23D1FB681B681A68FB68EE
:104990001B6842F400721A60FB681B686FF4806247
:1049A0005A61FB6800221A63FB68202283F83D20CD
:1049B000FB68002283F83E20FB681B6C43F0040276
:1049C000FB681A64FB68002283F83C20012367E03F
:1049D0007B68B3F1FF3F41D0FEF766FC02463B68BF
:1049E000D31A7A689A4202D37B68002B36D1BB680F
:1049F0001B0CDBB2012B0CD1FB681B685B69DA4333
:104A0000BB6813409BB2002B14BF01230023DBB211
:104A10000BE0FB681B689B69DA43BB6813409BB2E1
:104A2000002B14BF01230023DBB2002B16D0FB6840
:104A300000221A63FB68202283F83D20FB680022D5
:104A400083F83E20FB681B6C43F02002FB681A646D
:104A5000FB68002283F83C20012321E0BB681B0C8B
:104A6000DBB2012B0CD1FB681B685B69DA43BB68C6
:104A700013409BB2002B14BF01230023DBB20BE0D9
:104A8000FB681B689B69DA43BB6813409BB2002B31
:104A900014BF01230023DBB2002B7FF46DAF002392
:104AA00018461037BD4680BD80B584B000AFF860B1
:104AB000B9607A6034E0F86800F09BF80346002B98
:104AC00001D0012334E0BB68B3F1FF3F28D0FEF7EB
:104AD000EBFB02467B68D31ABA689A4202D3BB68E2
:104AE000002B1DD1FB681B685B6903F08003802BE2
:104AF00016D0FB6800221A63FB68202283F83D2051
:104B0000FB68002283F83E20FB681B6C43F0200208
:104B1000FB681A64FB68002283F83C20012307E04D
:104B2000FB681B685B6903F08003802BC3D1002303
:104B300018461037BD4680BD80B584B000AFF86020
:104B4000B9607A6049E0FB681B685B6903F0100399
:104B5000102B19D1FB681B686FF010025A61FB68BB
:104B600000221A63FB68202283F83D20FB680022A4
:104B700083F83E20FB681A6CFB681A64FB6800220D
:104B800083F83C20012330E0FEF78EFB02467B6871
:104B9000D31ABA689A4202D3BB68002B1DD1FB68B6
:104BA0001B685B6903F04003402B16D0FB680022B2
:104BB0001A63FB68202283F83D20FB68002283F8FB
:104BC0003E20FB681B6C43F02002FB681A64FB6804
:104BD000002283F83C20012307E0FB681B685B6927
:104BE00003F04003402BAED1002318461037BD46DA
:104BF00080BD80B483B000AF78607B681B685B6960
:104C000003F48063B3F5806F1BD17B681B686FF47E
:104C100080625A617B6800221A637B68202283F8D5
:104C20003D207B68002283F83E207B681B6C43F0AC
:104C300004027B681A647B68002283F83C2001230D
:104C400000E0002318460C37BD465DF8047B704732
:104C500080B586B000AF78607B68002B01D101235E
:104C600067E27B681B6803F00103002B75D0884B5B
:104C70009B6803F00C03042B0CD0854B9B6803F05E
:104C80000C03082B12D1824B5B6803F48003B3F54D
:104C9000800F0BD17E4B1B6803F40033002B5BD0DD
:104CA0007B685B68002B57D1012342E27B685B681D
:104CB000B3F5803F06D1764B1B68754A43F48033C9
:104CC00013601DE07B685B68B3F5A02F0CD1704BBF
:104CD0001B686F4A43F4802313606D4B1B686C4A5A
:104CE00043F4803313600BE0694B1B68684A23F47C
:104CF00080331360664B1B68654A23F4802313607E
:104D00007B685B68002B13D0FEF7CEFA386108E0B1
:104D1000FEF7CAFA02463B69D31A642B01D9032372
:104D200007E25B4B1B6803F40033002BF0D014E068
:104D3000FEF7BAFA386108E0FEF7B6FA02463B69B8
:104D4000D31A642B01D90323F3E1514B1B6803F4FD
:104D50000033002BF0D100E000BF7B681B6803F03C
:104D60000203002B63D04A4B9B6803F00C03002B1B
:104D70000BD0474B9B6803F00C03082B1CD1444B12
:104D80005B6803F48003002B16D1414B1B6803F0D2
:104D90000203002B05D07B68DB68012B01D00123C7
:104DA000C7E13B4B1B6823F0F8027B681B69DB0003
:104DB000374913430B603AE07B68DB68002B20D057
:104DC000344B01221A60FEF76FFA386108E0FEF7F3
:104DD0006BFA02463B69D31A022B01D90323A8E1DF
:104DE0002B4B1B6803F00203002BF0D0284B1B68F1
:104DF00023F0F8027B681B69DB00254913430B6035
:104E000015E0244B00221A60FEF74EFA386108E0E4
:104E1000FEF74AFA02463B69D31A022B01D9032353
:104E200087E11B4B1B6803F00203002BF0D17B686A
:104E30001B6803F00803002B36D07B685B69002BEE
:104E400016D0154B01221A60FEF72EFA386108E0E1
:104E5000FEF72AFA02463B69D31A022B01D9032333
:104E600067E10B4B5B6F03F00203002BF0D01BE0FC
:104E7000094B00221A60FEF717FA38610EE0FEF7C0
:104E800013FA02463B69D31A022B07D9032350E1D8
:104E90000038024000004742800E4742884B5B6F5B
:104EA00003F00203002BEAD17B681B6803F00403C4
:104EB000002B00F097800023FB75814B1B6C03F0E7
:104EC0008053002B0FD10023BB607D4B1B6C7C4AB1
:104ED00043F0805313647A4B1B6C03F08053BB6028
:104EE000BB680123FB75774B1B6803F48073002BB1
:104EF00018D1744B1B68734A43F480731360FEF738
:104F0000D3F9386108E0FEF7CFF902463B69D31ABE
:104F1000022B01D903230CE16A4B1B6803F4807355
:104F2000002BF0D07B689B68012B06D1644B1B6F74
:104F3000634A43F0010313671CE07B689B68052B01
:104F40000CD15F4B1B6F5E4A43F0040313675C4B4D
:104F50001B6F5B4A43F0010313670BE0584B1B6F59
:104F6000574A23F001031367554B1B6F544A23F034
:104F7000040313677B689B68002B15D0FEF794F938
:104F800038610AE0FEF790F902463B69D31A41F214
:104F90008832934201D90323CBE0494B1B6F03F0C6
:104FA0000203002BEED014E0FEF77EF938610AE030
:104FB000FEF77AF902463B69D31A41F288329342EE
:104FC00001D90323B5E03E4B1B6F03F00203002B16
:104FD000EED1FB7D012B05D1394B1B6C384A23F0F8
:104FE000805313647B689B69002B00F0A180344BD5
:104FF0009B6803F00C03082B5CD07B689B69022B39
:1050000041D1314B00221A60FEF74EF9386108E0B9
:10501000FEF74AF902463B69D31A022B01D9032352
:1050200087E0274B1B6803F00073002BF0D17B68EF
:10503000DA697B681B6A1A437B685B6A9B011A43C7
:105040007B689B6A5B08013B1B041A437B68DB6A35
:105050001B061B4913434B601B4B01221A60FEF7D2
:1050600023F9386108E0FEF71FF902463B69D31ABD
:10507000022B01D903235CE0114B1B6803F0007382
:10508000002BF0D054E0104B00221A60FEF70CF910
:10509000386108E0FEF708F902463B69D31A022B93
:1050A00001D9032345E0064B1B6803F00073002B76
:1050B000F0D13DE07B689B69012B07D1012338E0EB
:1050C0000038024000700040600047421B4B5B68A4
:1050D000FB607B689B69012B28D0FB6803F480028E
:1050E0007B68DB699A4221D1FB6803F03F027B6851
:1050F0001B6A9A421AD1FA6847F6C07313407A685D
:10510000526A9201934211D1FB6803F440327B68EA
:105110009B6A5B08013B1B049A4207D1FB6803F0C2
:1051200070627B68DB6A1B069A4201D0012300E0B3
:10513000002318461837BD4680BD00BF0038024026
:1051400080B584B000AF786039607B68002B01D1F6
:105150000123CCE0684B1B6803F007033A689A42CE
:105160000CD9654B3A68D2B21A70634B1B6803F0D6
:1051700007033A689A4201D00123B8E07B681B68B4
:1051800003F00203002B20D07B681B6803F00403AC
:10519000002B05D0594B9B68584A43F4E053936069
:1051A0007B681B6803F00803002B05D0534B9B68FA
:1051B000524A43F460439360504B9B6823F0F002E3
:1051C0007B689B684D4913438B607B681B6803F0C9
:1051D0000103002B44D07B685B68012B07D1474B50
:1051E0001B6803F40033002B19D101237FE07B6897
:1051F0005B68022B03D07B685B68032B07D13F4BB6
:105200001B6803F00073002B09D101236FE03B4BB7
:105210001B6803F00203002B01D1012367E0374B29
:105220009B6823F003027B685B68344913438B60FF
:10523000FEF73AF8F8600AE0FEF736F80246FB6837
:10524000D31A41F28832934201D903234FE02B4B0A
:105250009B6803F00C027B685B689B009A42EBD171
:10526000254B1B6803F007033A689A420CD2224B85
:105270003A68D2B21A70204B1B6803F007033A68F1
:105280009A4201D0012332E07B681B6803F00403DB
:10529000002B08D0194B9B6823F4E0527B68DB6835
:1052A000164913438B607B681B6803F00803002BCF
:1052B00009D0124B9B6823F460427B681B69DB00BA
:1052C0000E4913438B6000F021F802460B4B9B689C
:1052D0001B0903F00F030A49CB5C22FA03F3094AC6
:1052E0001360094B1B681846FDF79AFF0023184608
:1052F0001037BD4680BD00BF003C02400038024070
:1053000078A700080C0000203C0000202DE9B04FD9
:1053100094B000AF00237B640023FB6400233B6454
:105320000023BB64794B9B6803F00C03082B0DD062
:10533000082B00F2E180002B02D0042B03D0DBE02D
:10534000734BBB64DBE0734BBB64D8E06F4B5B68B3
:1053500003F03F037B646D4B5B6803F48003002B19
:1053600063D06A4B5B689B090022BB63FA63BB6B2B
:10537000C3F308033B6300237B63D7E90C45224654
:105380002B464FF000004FF00001590141EAD26175
:10539000500102460B462146511A3961294663EBFA
:1053A00001037B614FF000024FF00003D7E904AB2B
:1053B00059468B01514643EA916351468A01514651
:1053C000B2EB0108594663EB01094FF000024FF0C0
:1053D00000034FEAC90343EA58734FEAC8029046F4
:1053E0009946234618EB0303BB602B4649EB0303A6
:1053F000FB604FF000024FF00003D7E90245294659
:105400004B02214643EAD15321464A02104619462F
:105410007B6C0022BB62FA62D7E90A23FAF748FFE5
:1054200002460B461346FB6458E0384B5B689B0909
:10543000002218461146C0F308033B6200237B623A
:10544000D7E9088942464B464FF000004FF0000173
:10545000590141EAD261500102460B464146B2EB86
:10546000010A494663EB010B4FF000024FF00003C5
:105470004FEA8B1343EA9A634FEA8A12B2EB0A04AB
:1054800063EB0B054FF000024FF00003EB0043EA23
:105490005473E20014461D464346E3183B604B46F6
:1054A00045EB03037B604FF000024FF00003D7E9A8
:1054B000004529468B02214643EA915321468A0240
:1054C000104619467B6C0022BB61FA61D7E90623BE
:1054D000FAF7EEFE02460B461346FB640B4B5B6885
:1054E0001B0C03F0030301335B003B64FA6C3B6C61
:1054F000B2FBF3F3BB6402E0054BBB6400BFBB6CC3
:1055000018465037BD46BDE8B08F00BF0038024096
:105510000024F40000127A0080B400AF034B1B6833
:105520001846BD465DF8047B704700BF0C000020A4
:1055300080B500AFFFF7F0FF0246054B9B689B0A62
:1055400003F007030349CB5C22FA03F3184680BD3E
:105550000038024088A7000880B500AFFFF7DCFFE5
:105560000246054B9B685B0B03F007030349CB5CCA
:1055700022FA03F3184680BD0038024088A70008CD
:1055800080B582B000AF78607B68002B01D1012329
:105590007BE07B685B6A002B08D17B685B68B3F5B6
:1055A000827F09D07B680022DA6105E07B680022F7
:1055B0001A617B6800225A617B6800229A627B68CC
:1055C00093F85130DBB2002B06D17B68002283F8C0
:1055D00050207868FCF788FF7B68022283F851200E
:1055E0007B681B681A687B681B6822F040021A609F
:1055F0007B685B6803F482727B689B6803F40443F6
:105600001A437B68DB6803F400631A437B681B69F9
:1056100003F002031A437B685B6903F001031A433A
:105620007B689B6903F400731A437B68DB6903F0B2
:1056300038031A437B681B6A03F0800342EA0301C4
:105640007B689B6A03F400527B681B680A431A60FC
:105650007B689B691B0C03F004017B685B6A03F0A9
:1056600010027B681B680A435A607B681B68DA6912
:105670007B681B6822F40062DA617B6800225A654D
:105680007B68012283F85120002318460837BD4665
:1056900080BD80B588B000AFF860B9603B6013464C
:1056A000FB80FDF701FEF861FB887B83FB6893F8C4
:1056B0005130DBB2012B01D002232AE1BB68002B61
:1056C00002D0FB88002B01D1012322E1FB6893F873
:1056D0005030012B01D102231BE1FB68012283F82A
:1056E0005020FB68032283F85120FB6800225A6592
:1056F000FB68BA681A63FB68FA889A86FB68FA88BE
:10570000DA86FB6800229A63FB6800229A87FB68AE
:105710000022DA87FB6800225A64FB6800221A64C0
:10572000FB689B68B3F5004F0FD1FB681B681A68D4
:10573000FB681B6822F040021A60FB681B681A684D
:10574000FB681B6842F480421A60FB681B681B6898
:1057500003F04003402B07D0FB681B681A68FB6806
:105760001B6842F040021A60FB68DB68B3F5006F0B
:1057700052D1FB685B68002B02D07B8B012B45D19B
:10578000FB681B6B1A88FB681B68DA60FB681B6B85
:105790009A1CFB681A63FB68DB8E9BB2013B9AB2D2
:1057A000FB68DA8632E0FB681B689B6803F0020343
:1057B000022B12D1FB681B6B1A88FB681B68DA602E
:1057C000FB681B6B9A1CFB681A63FB68DB8E9BB241
:1057D000013B9AB2FB68DA8618E0FDF765FD0246E8
:1057E000FB69D31A3A689A4203D83B68B3F1FF3F8A
:1057F00002D13B68002B09D1FB68012283F85120BC
:10580000FB68002283F85020032382E0FB68DB8ED4
:105810009BB2002BC7D153E0FB685B68002B02D022
:105820007B8B012B47D1FB681A6BFB681B680C3321
:1058300012781A70FB681B6B5A1CFB681A63FB68B2
:10584000DB8E9BB2013B9AB2FB68DA8633E0FB68E1
:105850001B689B6803F00203022B13D1FB681A6BD1
:10586000FB681B680C3312781A70FB681B6B5A1CA0
:10587000FB681A63FB68DB8E9BB2013B9AB2FB6844
:10588000DA8618E0FDF710FD0246FB69D31A3A6884
:105890009A4203D83B68B3F1FF3F02D13B68002B2B
:1058A00009D1FB68012283F85120FB68002283F8AC
:1058B000502003232DE0FB68DB8E9BB2002BC6D16A
:1058C000FA693968F86800F0D9FB0346002B02D06A
:1058D000FB6820225A65FB689B68002B0AD10023D5
:1058E0007B61FB681B68DB687B61FB681B689B68EE
:1058F0007B617B69FB68012283F85120FB680022F1
:1059000083F85020FB685B6D002B01D0012300E081
:10591000002318462037BD4680BD80B588B002AF51
:10592000F860B9603B601346FB80FB6893F8513028
:10593000DBB2012B01D0022304E1BB68002B02D0B3
:10594000FB88002B01D10123FCE0FB685B68B3F509
:10595000827F12D1FB689B68002B0ED1FB6804226A
:1059600083F85120FA883B6800931346BA68B968F7
:10597000F86800F0EBF80346E4E0FDF795FC786189
:10598000FB6893F85030012B01D10223DAE0FB6869
:10599000012283F85020FB68042283F85120FB6821
:1059A00000225A65FB68BA689A63FB68FA889A878E
:1059B000FB68FA88DA87FB6800221A63FB6800221A
:1059C0009A86FB680022DA86FB6800221A64FB686C
:1059D00000225A64FB689B68B3F5004F0FD1FB6847
:1059E0001B681A68FB681B6822F040021A60FB689B
:1059F0001B681A68FB681B6822F480421A60FB6807
:105A00001B681B6803F04003402B07D0FB681B6832
:105A10001A68FB681B6842F040021A60FB68DB688A
:105A2000002B70D135E0FB681B689B6803F0010315
:105A3000012B15D1FB681B6803F10C02FB689B6B03
:105A40001278D2B21A70FB689B6B5A1CFB689A637F
:105A5000FB68DB8F9BB2013B9AB2FB68DA8718E0E8
:105A6000FDF722FC02467B69D31A3A689A4203D8B2
:105A70003B68B3F1FF3F02D13B68002B09D1FB68C3
:105A8000012283F85120FB68002283F85020032371
:105A900058E0FB68DB8F9BB2002BC4D138E0FB6879
:105AA0001B689B6803F00103012B13D1FB681B6883
:105AB000DA68FB689B6B92B21A80FB689B6B9A1C3E
:105AC000FB689A63FB68DB8F9BB2013B9AB2FB6871
:105AD000DA8718E0FDF7E8FB02467B69D31A3A68DB
:105AE0009A4203D83B68B3F1FF3F02D13B68002BD9
:105AF00009D1FB68012283F85120FB68002283F85A
:105B0000502003231EE0FB68DB8F9BB2002BC6D125
:105B10007A693968F86800F04BFA0346002B02D026
:105B2000FB6820225A65FB68012283F85120FB683C
:105B3000002283F85020FB685B6D002B01D001230D
:105B400000E0002318461837BD4680BD80B58AB0F6
:105B500000AFF860B9607A607B8001237B62FDF75B
:105B6000A3FB3862FB6893F85130FB77FB685B68F6
:105B7000BB617B88FB82FB7F012B0CD0BB69B3F53B
:105B8000827F06D1FB689B68002B02D1FB7F042B30
:105B900001D002237FE1BB68002B05D07B68002B7E
:105BA00002D07B88002B01D1012374E1FB6893F8BC
:105BB0005030012B01D102236DE1FB68012283F8F3
:105BC0005020FB6893F85130DBB2042B03D0FB6804
:105BD000052283F85120FB6800225A65FB687A6829
:105BE0009A63FB687A88DA87FB687A889A87FB6809
:105BF000BA681A63FB687A88DA86FB687A889A86BC
:105C0000FB6800221A64FB6800225A64FB681B6868
:105C10001B6803F04003402B07D0FB681B681A6821
:105C2000FB681B6842F040021A60FB68DB68B3F552
:105C3000006F7ED1FB685B68002B02D0FB8A012BD2
:105C40006CD1FB681B6B1A88FB681B68DA60FB6809
:105C50001B6B9A1CFB681A63FB68DB8E9BB2013BD3
:105C60009AB2FB68DA8659E0FB681B689B6803F010
:105C70000203022B1BD1FB68DB8E9BB2002B16D0DC
:105C80007B6A012B13D1FB681B6B1A88FB681B68AE
:105C9000DA60FB681B6B9A1CFB681A63FB68DB8E7F
:105CA0009BB2013B9AB2FB68DA8600237B62FB68F9
:105CB0001B689B6803F00103012B19D1FB68DB8F84
:105CC0009BB2002B14D0FB681B68DA68FB689B6BE7
:105CD00092B21A80FB689B6B9A1CFB689A63FB6804
:105CE000DB8F9BB2013B9AB2FB68DA8701237B62B0
:105CF000FDF7DAFA02463B6AD31A3A6B9A420DD89C
:105D00003B6BB3F1FF3F09D0FB68012283F85120C0
:105D1000FB68002283F850200323BCE0FB68DB8E85
:105D20009BB2002BA0D1FB68DB8F9BB2002B9BD1D9
:105D300082E0FB685B68002B02D0FB8A012B71D1EB
:105D4000FB681A6BFB681B680C3312781A70FB68CF
:105D50001B6B5A1CFB681A63FB68DB8E9BB2013B12
:105D60009AB2FB68DA865DE0FB681B689B6803F00B
:105D70000203022B1CD1FB68DB8E9BB2002B17D0D9
:105D80007B6A012B14D1FB681A6BFB681B680C3310
:105D900012781A70FB681B6B5A1CFB681A63FB684D
:105DA000DB8E9BB2013B9AB2FB68DA8600237B62F2
:105DB000FB681B689B6803F00103012B19D1FB688A
:105DC000DB8F9BB2002B14D0FB681B68DA68FB6882
:105DD0009B6BD2B21A70FB689B6B5A1CFB689A6370
:105DE000FB68DB8F9BB2013B9AB2FB68DA87012329
:105DF0007B62FDF759FA02463B6AD31A3A6B9A4224
:105E000003D83B6BB3F1FF3F02D13B6B002B09D1B1
:105E1000FB68012283F85120FB68002283F85020A0
:105E2000032338E0FB68DB8E9BB2002B9CD1FB6820
:105E3000DB8F9BB2002B97D13A6A396BF86800F080
:105E40001DF90346002B08D0FB6820225A65FB6829
:105E5000002283F8502001231DE0FB689B68002B83
:105E60000AD100233B61FB681B68DB683B61FB6870
:105E70001B689B683B613B69FB68012283F85120EA
:105E8000FB68002283F85020FB685B6D002B01D07B
:105E9000012300E0002318462837BD4680BD0000DE
:105EA00080B588B000AFF860B9603B601346FB7105
:105EB000FDF7FAF90246BB6A9B1A3A681344FB6184
:105EC000FDF7F2F9B861394B1B685B011B0DFA69EC
:105ED00002FB03F37B6155E03B68B3F1FF3F51D018
:105EE000FDF7E2F90246BB69D31AFA699A4202D970
:105EF000FB69002B3DD1FB681B685A68FB681B6877
:105F000022F0E0025A60FB685B68B3F5827F11D132
:105F1000FB689B68B3F5004F04D0FB689B68B3F542
:105F2000806F07D1FB681B681A68FB681B6822F04A
:105F300040021A60FB689B6AB3F5005F0FD1FB68F3
:105F40001B681A68FB681B6822F400521A60FB6821
:105F50001B681A68FB681B6842F400521A60FB68F1
:105F6000012283F85120FB68002283F8502003238C
:105F700018E07B69002B02D10023FB6102E07B6902
:105F8000013B7B61FB681B689A68BB681340BA6879
:105F90009A420CBF01230023DBB21A46FB799A42D6
:105FA0009AD1002318462037BD4680BD0C00002042
:105FB00080B586B002AFF860B9607A60FB685B6854
:105FC000B3F5827F11D1FB689B68B3F5004F04D015
:105FD000FB689B68B3F5806F07D1FB681B681A6884
:105FE000FB681B6822F040021A60FB685B68B3F52F
:105FF000827F2AD1FB689B68B3F5806F12D07B68E3
:106000000093BB6800228021F868FFF749FF034630
:10601000002B2DD0FB685B6D43F02002FB685A65B6
:10602000032326E07B680093BB6800220121F86807
:10603000FFF736FF0346002B1AD0FB685B6D43F079
:106040002002FB685A65032313E07B680093BB685A
:1060500000220121F868FFF723FF0346002B07D039
:10606000FB685B6D43F02002FB685A65032300E088
:10607000002318461037BD4680BD000080B588B0AB
:1060800002AFF860B9607A607B680093BB68012258
:106090000221F868FFF704FF0346002B07D0FB68D6
:1060A0005B6D43F02002FB685A65032332E01B4B13
:1060B0001B681B4AA2FB03235B0D4FF47A7202FBA1
:1060C00003F37B61FB685B68B3F5827F12D17B6869
:1060D0000093BB6800228021F868FFF7E1FE0346C9
:1060E000002B16D0FB685B6D43F02002FB685A65FD
:1060F00003230FE07B69002B0AD07B69013B7B61A6
:10610000FB681B689B6803F08003802BF2D000E0E3
:1061100000BF002318461837BD4680BD0C00002084
:10612000819F5E1680B582B000AF78607B68002BDF
:1061300001D1012341E07B6893F83D30DBB2002BB5
:1061400006D17B68002283F83C207868FCF714FABB
:106150007B68022283F83D207B681A687B680433E1
:106160001946104600F070FA7B68012283F8462039
:106170007B68012283F83E207B68012283F83F2060
:106180007B68012283F840207B68012283F841204C
:106190007B68012283F842207B68012283F8432038
:1061A0007B68012283F844207B68012283F8452024
:1061B0007B68012283F83D20002318460837BD463E
:1061C00080BD000080B485B000AF78607B6893F834
:1061D0003D30DBB2012B01D0012344E07B68022279
:1061E00083F83D207B681B68DA687B681B6842F097
:1061F0000102DA607B681B681E4A934218D07B68F4
:106200001B68B3F1804F13D07B681B681A4A934216
:106210000ED07B681B68194A934209D07B681B68C3
:10622000174A934204D07B681B68164A934211D1E7
:106230007B681B689B6803F00703FB60FB68062B09
:1062400010D07B681B681A687B681B6842F00102EB
:106250001A6007E07B681B681A687B681B6842F05D
:1062600001021A60002318461437BD465DF8047B0E
:10627000704700BF000001400004004000080040DB
:10628000000C00400040014080B584B000AF786051
:106290007B681B68DB68FB607B681B681B69BB60F5
:1062A000BB6803F00203002B20D0FB6803F002035D
:1062B000002B1BD07B681B686FF002021A617B68A1
:1062C00001221A777B681B689B6903F00303002B8C
:1062D00003D0786800F099F905E0786800F08BF950
:1062E000786800F09CF97B6800221A77BB6803F09D
:1062F0000403002B20D0FB6803F00403002B1BD009
:106300007B681B686FF004021A617B6802221A77AF
:106310007B681B689B6903F44073002B03D078688B
:1063200000F073F905E0786800F065F9786800F02E
:1063300076F97B6800221A77BB6803F00803002B0C
:1063400020D0FB6803F00803002B1BD07B681B6880
:106350006FF008021A617B6804221A777B681B6859
:10636000DB6903F00303002B03D0786800F04DF9DC
:1063700005E0786800F03FF9786800F050F97B6834
:1063800000221A77BB6803F01003002B20D0FB68B3
:1063900003F01003002B1BD07B681B686FF010020A
:1063A0001A617B6808221A777B681B68DB6903F433
:1063B0004073002B03D0786800F027F905E0786877
:1063C00000F019F9786800F02AF97B6800221A7742
:1063D000BB6803F00103002B0CD0FB6803F0010342
:1063E000002B07D07B681B686FF001021A61786888
:1063F000FBF7FEFABB6803F08003002B0CD0FB68B0
:1064000003F08003002B07D07B681B686FF08002CD
:106410001A61786800F0B0FABB6803F04003002B03
:106420000CD0FB6803F04003002B07D07B681B688F
:106430006FF040021A61786800F0FBF8BB6803F067
:106440002003002B0CD0FB6803F02003002B07D0A7
:106450007B681B686FF020021A61786800F082FA8E
:1064600000BF1037BD4680BD80B584B000AF7860F6
:1064700039600023FB737B6893F83C30012B01D11A
:106480000223B4E07B68012283F83C207B6802226F
:1064900083F83D207B681B689B68BB60BB6823F06A
:1064A0007703BB60BB6823F47F43BB607B681B68DA
:1064B000BA689A603B681B68B3F5005F3ED0B3F5DD
:1064C000005F00F28780B3F5805F00F08680B3F54F
:1064D000805F7FD8702B1AD0702B7BD8602B50D068
:1064E000602B77D8502B3CD0502B73D8402B58D0F2
:1064F000402B6FD8302B64D0302B6BD8202B60D042
:10650000202B67D8002B5CD0102B5AD062E07B6820
:1065100018683B6899683B685A683B68DB6800F01C
:1065200093F97B681B689B68BB60BB6843F077038B
:10653000BB607B681B68BA689A604FE07B6818682C
:106540003B6899683B685A683B68DB6800F07CF9F7
:106550007B681B689A687B681B6842F480429A607B
:106560003CE07B6818683B6859683B68DB681A4602
:1065700000F0F0F87B681B685021184600F049F9DC
:106580002CE07B6818683B6859683B68DB681A46F2
:1065900000F00FF97B681B686021184600F039F99C
:1065A0001CE07B6818683B6859683B68DB681A46E2
:1065B00000F0D0F87B681B684021184600F029F9EC
:1065C0000CE07B681A683B681B681946104600F0AF
:1065D00020F903E00123FB7300E000BF7B68012288
:1065E00083F83D207B68002283F83C20FB7B184623
:1065F0001037BD4680BD80B483B000AF786000BF67
:106600000C37BD465DF8047B704780B483B000AFA3
:10661000786000BF0C37BD465DF8047B704780B4DE
:1066200083B000AF786000BF0C37BD465DF8047BD7
:10663000704780B483B000AF786000BF0C37BD46B0
:106640005DF8047B7047000080B485B000AF7860CF
:1066500039607B681B68FB607B68374A93420FD0C8
:106660007B68B3F1804F0BD07B68344A934207D0EC
:106670007B68334A934203D07B68324A934208D105
:10668000FB6823F07003FB603B685B68FA681343A8
:10669000FB607B68284A93421BD07B68B3F1804F34
:1066A00017D07B68254A934213D07B68244A9342D3
:1066B0000FD07B68234A93420BD07B68224A9342D7
:1066C00007D07B68214A934203D07B68204A9342DB
:1066D00008D1FB6823F44073FB603B68DB68FA6811
:1066E0001343FB60FB6823F080023B685B69134344
:1066F000FB603B689A687B68DA623B681A687B6873
:106700009A627B680C4A934203D13B681A697B68A2
:106710001A637B681B6843F004027B681A607B681D
:1067200001225A617B68FA681A6000BF1437BD46BF
:106730005DF8047B704700BF00000140000400408A
:1067400000080040000C00400040014000440140AF
:106750000048014080B487B000AFF860B9607A604B
:10676000FB681B6A7B61FB681B6A23F00102FB6804
:106770001A62FB689B693B613B6923F0F0033B6154
:106780007B681B013A6913433B617B6923F00A0371
:106790007B617A69BB6813437B61FB683A699A61E4
:1067A000FB687A691A6200BF1C37BD465DF8047B3E
:1067B000704780B487B000AFF860B9607A60FB685A
:1067C0001B6A7B61FB681B6A23F01002FB681A627C
:1067D000FB689B693B613B6923F470433B617B68C9
:1067E0001B033A6913433B617B6923F0A0037B6180
:1067F000BB681B017A6913437B61FB683A699A6144
:10680000FB687A691A6200BF1C37BD465DF8047BDD
:10681000704780B485B000AF786039607B689B6852
:10682000FB60FB6823F07003FB603A68FB6813436E
:1068300043F00703FB607B68FA689A6000BF143777
:10684000BD465DF8047B704780B487B000AFF86048
:10685000B9607A603B60FB689B687B617B6923F46D
:106860007F437B613B681A027B681A43BB68134312
:106870007A6913437B61FB687A699A6000BF1C37B1
:10688000BD465DF8047B704780B485B000AF78608A
:1068900039607B6893F83C30012B01D1022350E032
:1068A0007B68012283F83C207B68022283F83D202C
:1068B0007B681B685B68FB607B681B689B68BB60D0
:1068C000FB6823F07003FB603B681B68FA681343A6
:1068D000FB607B681B68FA685A607B681B681C4A0F
:1068E000934218D07B681B68B3F1804F13D07B684C
:1068F0001B68184A93420ED07B681B68164A934265
:1069000009D07B681B68154A934204D07B681B68DA
:10691000134A93420CD1BB6823F08003BB603B68F1
:106920005B68BA681343BB607B681B68BA689A608F
:106930007B68012283F83D207B68002283F83C209D
:10694000002318461437BD465DF8047B704700BF2E
:10695000000001400004004000080040000C00401E
:106960000040014080B483B000AF786000BF0C37B6
:10697000BD465DF8047B704780B483B000AF78609B
:1069800000BF0C37BD465DF8047B704780B582B010
:1069900000AF78607B68002B01D1012342E07B6867
:1069A00093F84130DBB2002B06D17B68002283F8DC
:1069B00040207868FBF708FE7B68242283F841209A
:1069C0007B681B68DA687B681B6822F40052DA6017
:1069D000786800F025FD7B681B681A697B681B6876
:1069E00022F490421A617B681B685A697B681B68B5
:1069F00022F02A025A617B681B68DA687B681B6890
:106A000042F40052DA607B6800225A647B682022DC
:106A100083F841207B68202283F842207B68002293
:106A20005A63002318460837BD4680BD80B58CB038
:106A300000AFF860B9601346FB80FB6893F8423002
:106A4000DBB2202B4AD1BB68002B02D0FB88002B85
:106A500001D1012343E0FB6801221A63FB68002295
:106A60005A63FB881A46B968F86800F005FB0346CC
:106A700087F82F3097F82F30002B2CD1FB681B6B39
:106A8000012B25D100233B61FB681B681B683B6120
:106A9000FB681B685B683B613B69FB681B680C33E8
:106AA000BB61BB6953E8003F7B617B6943F0100326
:106AB000BB62FB681B680C33BA6A7A623B62396A54
:106AC0007A6A41E80023FB61FB69002BE5D102E013
:106AD000012387F82F3097F82F3000E00223184663
:106AE0003037BD4680BD000080B5BAB000AF7860D9
:106AF0007B681B681B68C7F8E4307B681B68DB6831
:106B0000C7F8E0307B681B685B69C7F8DC3000239E
:106B1000C7F8D8300023C7F8D430D7F8E43003F0F2
:106B20000F03C7F8D830D7F8D830002B0FD1D7F8DB
:106B3000E43003F02003002B09D0D7F8E03003F055
:106B40002003002B03D0786800F0ACFB73E2D7F889
:106B5000D830002B00F0DE80D7F8DC3003F00103E2
:106B6000002B06D1D7F8E03003F49073002B00F02F
:106B7000D180D7F8E43003F00103002B0BD0D7F815
:106B8000E03003F48073002B05D07B685B6C43F02E
:106B900001027B685A64D7F8E43003F00403002B49
:106BA0000BD0D7F8DC3003F00103002B05D07B6855
:106BB0005B6C43F002027B685A64D7F8E43003F060
:106BC0000203002B0BD0D7F8DC3003F00103002BBD
:106BD00005D07B685B6C43F004027B685A64D7F88D
:106BE000E43003F00803002B11D0D7F8E03003F0B5
:106BF0002003002B05D1D7F8DC3003F00103002B74
:106C000005D07B685B6C43F008027B685A647B6844
:106C10005B6C002B00F00A82D7F8E43003F020030D
:106C2000002B08D0D7F8E03003F02003002B02D06F
:106C3000786800F037FB7B681B685B6903F04003F2
:106C4000402B0CBF01230023DBB2C7F8D4307B6894
:106C50005B6C03F00803002B03D1D7F8D430002B72
:106C60004FD0786800F042FA7B681B685B6903F0DC
:106C70004003402B41D17B681B681433C7F89C301C
:106C8000D7F89C3053E8003FC7F89830D7F89830D1
:106C900023F04003C7F8D0307B681B681433D7F863
:106CA000D020C7F8A820C7F8A430D7F8A410D7F888
:106CB000A82041E80023C7F8A030D7F8A030002B67
:106CC000D9D17B68DB6B002B13D07B68DB6B8A4AE6
:106CD0001A657B68DB6B1846FCF797FC0346002BB4
:106CE00016D07B68DB6B1B6D7A68D26B10469847B9
:106CF0000EE0786800F0B6F90AE0786800F0B2F9C2
:106D000006E0786800F0AEF97B6800225A648DE1F5
:106D100000BF8BE17B681B6B012B40F06781D7F8CC
:106D2000E43003F01003002B00F06081D7F8E0306E
:106D300003F01003002B00F059810023BB607B6837
:106D40001B681B68BB607B681B685B68BB60BB68BB
:106D50007B681B685B6903F04003402B40F0CE80EA
:106D60007B68DB6B1B685B68A7F8BE30B7F8BE308A
:106D7000002B00F0A9807B689B8DB7F8BE209A425B
:106D800080F0A2807B68B7F8BE20DA857B68DB6B79
:106D9000DB69B3F5807F00F088807B681B680C336B
:106DA000C7F88830D7F8883053E8003FC7F88430F8
:106DB000D7F8843023F48073C7F8B8307B681B6839
:106DC0000C33D7F8B820C7F89420C7F89030D7F81C
:106DD0009010D7F8942041E80023C7F88C30D7F8FA
:106DE0008C30002BD9D17B681B6814337B677B6F99
:106DF00053E8003F3B673B6F23F00103C7F8B43013
:106E00007B681B681433D7F8B420C7F88020FB6771
:106E1000F96FD7F8802041E80023BB67BB6F002BD8
:106E2000E1D17B681B6814333B663B6E53E8003F3F
:106E3000FB65FB6D23F04003C7F8B0307B681B682F
:106E40001433D7F8B020FA66BB66B96EFA6E41E823
:106E500000237B667B6E002BE3D17B68202283F8C6
:106E600042207B6800221A637B681B680C33FB643A
:106E7000FB6C53E8003FBB64BB6C23F01003C7F806
:106E8000AC307B681B680C33D7F8AC20BA657B65E7
:106E9000796DBA6D41E800233B653B6D002BE3D172
:106EA0007B68DB6B1846FCF740FB7B6802225A6369
:106EB0007B689A8D7B68DB8D9BB2D31A9BB2194697
:106EC0007868FAF769FDB3E07B689B8DB7F8BE2060
:106ED0009A4240F0AD807B68DB6BDB69B3F5807F65
:106EE00040F0A6807B6802225A637B689B8D19461E
:106EF0007868FAF751FD9BE0B37100087B689A8DC2
:106F00007B68DB8D9BB2D31AA7F8CE307B68DB8D14
:106F10009BB2002B00F08E80B7F8CE30002B00F033
:106F200089807B681B680C33BB63BB6B53E8003FF5
:106F30007B637B6B23F49073C7F8C8307B681B6856
:106F40000C33D7F8C8207A643B64396C7A6C41E81A
:106F50000023FB63FB6B002BE3D17B681B681433BE
:106F60007B627B6A53E8003F3B623B6A23F001038C
:106F7000C7F8C4307B681B681433D7F8C4203A6361
:106F8000FB62F96A3A6B41E80023BB62BB6A002BE3
:106F9000E3D17B68202283F842207B6800221A63B9
:106FA0007B681B680C333B613B6953E8003FFB6027
:106FB000FB6823F01003C7F8C0307B681B680C33F4
:106FC000D7F8C020FA61BB61B969FA6941E80023CA
:106FD0007B617B69002BE3D17B6802225A63B7F89F
:106FE000CE3019467868FAF7D7FC23E0D7F8E430BA
:106FF00003F08003002B09D0D7F8E03003F08003C2
:10700000002B03D0786800F0E5F814E0D7F8E430FE
:1070100003F04003002B0ED0D7F8E03003F040031C
:10702000002B08D0786800F025F904E000BF02E0EA
:1070300000BF00E000BFE837BD4680BD80B483B02C
:1070400000AF786000BF0C37BD465DF8047B704729
:1070500080B483B000AF786000BF0C37BD465DF8E8
:10706000047B704780B483B000AF786000BF0C37FA
:10707000BD465DF8047B704780B485B000AFF86012
:10708000B9601346FB80FB68BA689A62FB68FA88AD
:107090009A85FB68FA88DA85FB6800225A64FB68E7
:1070A000222283F84220FB681B69002B07D0FB6873
:1070B0001B68DA68FB681B6842F48072DA60FB6860
:1070C0001B685A69FB681B6842F001025A61FB6841
:1070D0001B68DA68FB681B6842F02002DA60002354
:1070E00018461437BD465DF8047B704780B495B0F0
:1070F00000AF78607B681B680C337B637B6B53E865
:10710000003F3B633B6B23F49073FB647B681B681D
:107110000C33FA6C3A64FB63F96B3A6C41E8002378
:10712000BB63BB6B002BE5D17B681B6814333B62F0
:107130003B6A53E8003FFB61FB6923F00103BB643A
:107140007B681B681433BA6CFA62BB62B96AFA6A6C
:1071500041E800237B627B6A002BE5D17B681B6BD7
:10716000012B19D17B681B680C33FB60FB6853E86B
:10717000003FBB60BB6823F010037B647B681B6827
:107180000C337A6CBA617B617969BA6941E8002392
:107190003B613B69002BE5D17B68202283F84220CC
:1071A0007B6800221A6300BF5437BD465DF8047B3C
:1071B000704780B584B000AF78607B689B6BFB60E4
:1071C000FB680022DA85F868FFF74CFF00BF103734
:1071D000BD4680BD80B485B000AF78607B6893F811
:1071E0004130DBB2212B3ED17B689B68B3F5805FD9
:1071F00014D17B681B69002B10D17B681B6AFB6074
:10720000FB681B881A467B681B68C2F308025A6039
:107210007B681B6A9A1C7B681A6208E07B681B6AA1
:10722000591C7A6811621A787B681B685A607B68FF
:10723000DB8C9BB2013B9BB27A681946D184002B50
:107240000FD17B681B68DA687B681B6822F08002BC
:10725000DA607B681B68DA687B681B6842F0400272
:10726000DA60002300E0022318461437BD465DF8BB
:10727000047B704780B582B000AF78607B681B6884
:10728000DA687B681B6822F04002DA607B682022A3
:1072900083F841207868FFF7D1FE002318460837AD
:1072A000BD4680BD80B58CB000AF78600023FB6226
:1072B0000023BB627B6893F84230DBB2222B40F0A4
:1072C000AA807B689B68B3F5805F15D17B681B69DA
:1072D000002B11D17B689B6ABB627B681B685B6873
:1072E0009BB2C3F308039AB2BB6A1A807B689B6A9D
:1072F0009A1C7B689A6224E07B689B6AFB627B68CD
:107300009B68B3F5805F07D07B689B68002B0AD130
:107310007B681B69002B06D17B681B685B68DAB24F
:10732000FB6A1A7008E07B681B685B68DBB203F0DD
:107330007F03DAB2FB6A1A707B689B6A5A1C7B680F
:107340009A627B68DB8D9BB2013B9BB27A681946DF
:10735000D185002B5DD17B681B68DA687B681B6870
:1073600022F02002DA607B681B68DA687B681B68A1
:1073700022F48072DA607B681B685A697B681B683C
:1073800022F001025A617B68202283F842207B6848
:1073900000225A637B681B6B012B35D17B6800226E
:1073A0001A637B681B680C337B617B6953E8003F81
:1073B0003B613B6923F010037B627B681B680C33E5
:1073C0007A6A3A62FB61F9693A6A41E80023BB6173
:1073D000BB69002BE5D17B681B681B6803F01003B9
:1073E000102B0AD10023FB607B681B681B68FB60C5
:1073F0007B681B685B68FB60FB687B689B8D19463C
:107400007868FAF7C9FA02E07868FFF721FE0023EE
:1074100002E0002300E0022318463037BD4680BD5D
:107420002DE9B04FC0B000AFC7F8F400D7F8F43082
:107430001B681B6923F44050D7F8F430D968D7F89B
:10744000F4301A6840EA01031361D7F8F4309A68FF
:10745000D7F8F4301B691A43D7F8F4305B691A4344
:10746000D7F8F430DB691343C7F8F830D7F8F430B5
:107470001B68DB6823F4164121F00C01D7F8F430C7
:107480001A68D7F8F8300B43D360D7F8F4301B688C
:107490005B6923F44070D7F8F4309969D7F8F43079
:1074A0001A6840EA01035361D7F8F4301A688F4B29
:1074B0009A4205D0D7F8F4301A688D4B9A4204D11D
:1074C000FEF74AF8C7F8FC0003E0FEF731F8C7F80A
:1074D000FC00D7F8F430DB69B3F5004F40F00C81C5
:1074E000D7F8FC300022C7F8E830C7F8EC20D7E91D
:1074F0003A4522462B469118B9655B41FB65D7E9B1
:107500001623214612EB0108294643EB01094FF0EF
:1075100000024FF000034FEAC90343EA58734FEAF1
:10752000C80290469946234618EB0303C7F8E0309B
:107530002B4649EB0303C7F8E430D7F8F4305B6817
:107540000022C7F8D830C7F8DC20D7E936120B463E
:10755000DB183B65134642EB03037B65D7E9142335
:10756000D7E93801F8F7A4FE02460B46614BA3FBAE
:1075700002235B091C01D7F8FC300022C7F8D03089
:10758000C7F8D420D7E9348942464B469118B964EC
:107590005B41FB64D7E91223414612EB010A4946DD
:1075A00043EB010B4FF000024FF000034FEACB0317
:1075B00043EA5A734FEACA0292469B4643461AEB85
:1075C0000303C7F8C8304B464BEB0303C7F8CC3076
:1075D000D7F8F4305B680022C7F8C030C7F8C42081
:1075E000D7E930120B46DB183B64134642EB03032A
:1075F0007B64D7E91023D7E93201F8F759FE024638
:107600000B4611463B4BA3FB01235B09642202FBA3
:1076100003F3CB1ADB0003F13202364BA3FB022348
:107620005B095B0003F4F8731C44D7F8FC300022BC
:10763000C7F8B830C7F8BC20D7E92E8942464B4678
:107640009118B9635B41FB63D7E90E23414651189A
:10765000396349464B417B634FF000024FF0000312
:10766000D7E90CAB5946CB00514643EA517351461A
:10767000CA0010461946034642469B18C7F8B03068
:107680004B460A4642EB0303C7F8B430D7F8F43050
:107690005B680022C7F8A830C7F8AC20D7E92A12E7
:1076A0000B46DB18BB62134642EB0303FB62D7E9D0
:1076B0000A23D7E92C01F8F7FBFD02460B460D4BD8
:1076C000A3FB02135B09642101FB03F3D31ADB0064
:1076D0003233084AA2FB03235B0903F00702D7F801
:1076E000F4301B6822449A6006E100BF001001409C
:1076F000001401401F85EB51D7F8FC300022C7F879
:10770000A030C7F8A420D7E9288942464B469118F3
:1077100039625B417B62D7E90823414654184946E8
:1077200043EB01054FF000024FF00003EB0043EA8A
:107730005473E20014461D464346E318C7F89830D8
:107740004B4645EB0303C7F89C30D7F8F4305B6831
:107750000022C7F89030C7F894204FF000024FF095
:107760000003D7E9244529468B00214643EA91735B
:1077700021468A00D7E92601F8F79AFD02460B4612
:10778000604BA3FB02235B091C01D7F8FC300022ED
:10779000C7F88830C7F88C20D7E9228942464B4683
:1077A0009118B9615B41FB61D7E906234146511845
:1077B000396149464B417B614FF000024FF00003B5
:1077C000D7E904AB5946CB00514643EA51735146C1
:1077D000CA0010461946034642469B18C7F8803037
:1077E0004B460A4642EB0303C7F88430D7F8F4301F
:1077F0005B680022BB67FA674FF000024FF000039E
:10780000D7E91E8949468B00414643EA91734146B8
:107810008A00D7E92001F8F74BFD02460B461146D6
:10782000384BA3FB01235B09642202FB03F3CB1A51
:107830001B013233334AA2FB03235B0903F0F0033D
:107840001C44D7F8FC3000223B677A67D7E91C89D3
:1078500042464B469118B9605B41FB60D7E9022371
:1078600041465118396049464B417B604FF0000258
:107870004FF00003D7E900AB5946CB00514643EA2D
:1078800051735146CA0010461946034642469B189A
:10789000BB664B460A4642EB0303FB66D7F8F4305F
:1078A0005B6800223B667A664FF000024FF00003EF
:1078B000D7E9188949468B00414643EA917341460E
:1078C0008A00D7E91A01F8F7F3FC02460B460D4B84
:1078D000A3FB02135B09642101FB03F3D31A1B0111
:1078E0003233084AA2FB03235B0903F00F02D7F8E7
:1078F000F4301B6822449A6000BF07F58077BD46CC
:10790000BDE8B08F1F85EB510A22002100F07CB842
:10791000242B2DE9F0478646904601D8012B06D14D
:1079200000F0A2FB162303600020BDE8F087344876
:107930000D462A4615F8014B065D16F00806F8D1EB
:107940002D2C10D12C780126951C33F0100215D166
:10795000302C0DD12A7802F0DF02582A08D16C7839
:10796000023510230AE02B2C04BF2C78951CECE781
:10797000002BF6D1302C14BF0A23082306F1004C4B
:107980000CF1FF3C0022BCFBF3F9104603FB19CAC3
:10799000A4F13007092F0FD83C46A3421BDD571C2A
:1079A00007D0814514D301D1A24511DB00FB034070
:1079B000012215F8014BEBE7A4F14107192F01D87B
:1079C000373CEAE7A4F16107192F04D8573CE4E7F4
:1079D0004FF0FF32EDE7531C08D12223CEF80030E0
:1079E0006046B8F1000FA0D0691E06E006B1404223
:1079F000B8F1000F99D0002AF6D1C8F8001094E72A
:107A000091A70008FFF784BF13460A4601460248C3
:107A10000068FFF77DBF00BF70000020002310B595
:107A20000446C0E90033C0E90433836081814366C2
:107A3000C2818361194608225C3000F07FFA0D4B49
:107A400063620D4BA3620D4BE3620D4B23630D4B41
:107A500024629C4206D003F16802944202D0D033E3
:107A60009C4205D104F15800BDE8104000F026BB4F
:107A700010BD00BF897D0008AF7D0008E77D0008CC
:107A80000B7E0008B0130020024A0349034800F0AF
:107A900069B800BF640000206192000874000020F3
:107AA00041680C4B994210B5044601D001F0D8FB57
:107AB000A168094B994202D0204601F0D1FBE16850
:107AC000064B994204D02046BDE8104001F0C8BBE7
:107AD00010BD00BFB0130020181400208014002037
:107AE00010B50B4B0B4C0C4A1A60204600220421A7
:107AF000FFF794FF04F1680001220921FFF78EFFD0
:107B000004F1D0000222BDE810401221FFF786BF29
:107B1000E8140020B0130020897A0008014800F022
:107B2000CEBA00BFF1140020014800F0C9BA00BF6E
:107B3000F114002010B50446FFF7F0FF236A1BB1D3
:107B4000BDE81040FFF7F0BF044B2362044B1B68F5
:107B5000002BF5D1FFF7C4FFF2E700BFA17A0008C0
:107B6000E81400202DE9F84307468846144600260D
:107B7000D4E90195B9F1010905D52468002CF7D1A4
:107B80003046BDE8F883AB89012B07D9B5F90E3033
:107B9000013303D029463846C04706436835E9E734
:107BA0000FB407B5064904AB086853F8042B816885
:107BB000019300F0DFFE03B05DF804EB04B0704702
:107BC00070000020036A70B5846805460E460BB944
:107BD000FFF7B0FF636EDB0705D4A389980502D4D5
:107BE000A06D00F06CFAA389190702D52369002B58
:107BF00035D12146284600F04BF980B34FF0FF35D0
:107C0000636EDA0705D4A3899B0502D4A06D00F04A
:107C100057FA284670BD002B04DAA2699A4217DC95
:107C20000A2915D023685A1C22601970A36816F817
:107C3000011F013BA3600029EDD1002B11DA224680
:107C40000A21284600F0E5F80130D7D00A25D7E709
:107C50002246284600F0DDF80130E7D1CEE7013EAC
:107C6000E4E723685A1C22600A221A70EEE700003B
:107C7000024B01461868FFF7A5BF00BF7000002047
:107C80000CB430B5184B0C1E1D689DB008DA8B2360
:107C90002B604FF0FF301DB0BDE8304002B07047A0
:107CA0004FF40273ADF814304FF000031B9314BF70
:107CB00004F1FF332346049307934FF6FF730290BA
:107CC0000690ADF81630209A21AB02A92846019300
:107CD00000F05AFB431CBCBF8B232B60002CDAD076
:107CE000029B00221A70D6E7700000200EB410B577
:107CF0009DB01FAB029006906FF000410A480791BB
:107D000004910A4953F8042B0591002402A9006844
:107D100001931B9400F038FB029B1C701DB0BDE862
:107D2000104003B0704700BF700000200802FFFF42
:107D30000EB470B59DB021AC00254FF4017254F81B
:107D4000046BADF814201B9502900690F8F752FAD8
:107D50000B4B039007900B480B934FF6FF73ADF856
:107D600016303246234602A900680F9514950194F7
:107D700000F060FC1DB0BDE8704003B0704700BF6C
:107D8000AB7D00087000002010B50C46B1F90E1054
:107D900000F046F90028ABBF636DA3891B1823F4DC
:107DA0008053ACBF6365A38110BD002070472DE9EF
:107DB000F0411F468B89DB0505460C46164605D566
:107DC000B1F90E100223002200F018F9A389B4F9CA
:107DD0000E1023F48053A38132463B462846BDE86B
:107DE000F04100F02FB910B50C46B1F90E1000F0BB
:107DF00005F9431CA38915BF606523F4805343F440
:107E00008053A38118BFA38110BDB1F90E1000F0FB
:107E1000E5B8F8B50E461446054618B1036A0BB925
:107E2000FFF788FEA369A360A3891A0701D5236918
:107E300043B92146284600F02BF818B14FF0FF3720
:107E40003846F8BD23682269981A6369F6B28342FE
:107E5000374605DC2146284601F002FA0028EDD11C
:107E6000A368013BA36023685A1C22601E706269EC
:107E7000431C9A4204D0A389DB07E1D50A2EDFD147
:107E80002146284601F0ECF90028D9D0D6E70000B9
:107E900038B5294B054618680C4618B1036A0BB96A
:107EA000FFF748FEB4F90C30190722D4DA0607D4DC
:107EB00009222A6043F04003A3814FF0FF3033E0F2
:107EC000580712D5616B41B104F14403994202D0C5
:107ED000284600F005F900236363A38923F02403F7
:107EE000A3810023636023692360A38943F008030F
:107EF000A38123694BB9A38903F42073B3F5007FF1
:107F000003D02146284601F0F9F9B4F90C3013F0FA
:107F100001020AD00022A26062695242A261226973
:107F200042B913F08000C5D138BD990758BF6269C6
:107F3000A260F4E70020F7E7700000200244034647
:107F4000934200D1704703F8011BF9E7C9B2034619
:107F5000184613F8012B12B18A42F9D17047002953
:107F600018BF0020704710B56AB10139841810F8A5
:107F7000012B11F8013F9A4203D1A04201D0002AFF
:107F8000F5D1D01A10BD1046FCE710B501390346F3
:107F900032B111F8014F03F8014B013A002CF7D12F
:107FA0001A440021934200D110BD03F8011BF9E7E8
:107FB0000A7870B56AB970BD9A4209D10C46054677
:107FC00014F8013F002BF6D015F8016F9E42F7D050
:107FD00001300378002BEFD11846ECE738B5064D99
:107FE0000023044608462B60FAF7BBFB431C02D172
:107FF0002B6803B1236038BDEC14002038B5074D61
:1080000004460846114600222A601A46FAF7D0FBB9
:10801000431C02D12B6803B1236038BDEC1400204F
:1080200038B5074D04460846114600222A601A4614
:10803000FAF75EFB431C02D12B6803B1236038BD05
:10804000EC14002038B5074D0446084611460022BE
:108050002A601A46FAF769FB431C02D12B6803B168
:10806000236038BDEC140020014B1868704700BF36
:108070007000002070B50D4D0D4C641BA41000263F
:10808000A64209D10B4D0C4C01F0DAFA641BA41086
:108090000026A64205D170BD55F8043B984701362D
:1080A000EEE755F8043B98470136F2E7E8A80008E8
:1080B000E8A80008E8A80008ECA800087047704786
:1080C00070470A44914200F1FF3300D1704710B568
:1080D00011F8014B03F8014F9142F9D110BD000096
:1080E00038B50546002941D051F8043C0C1F002B3F
:1080F000B8BFE41800F0E0F81D4A136833B96360B4
:1081000014602846BDE8384000F0DCB8A34208D926
:10811000206821188B4201BF19685B68091821602B
:10812000EDE71A465B680BB1A342FAD91168501803
:10813000A0420BD120680144501883421160E0D165
:1081400018685B68536008441060DAE702D90C23B2
:108150002B60D6E7206821188B4204BF19685B6842
:10816000636004BF091821605460CAE738BD00BFCE
:10817000F814002070B50F4E0C463168054611B951
:1081800001F0A8F930602146284601F0A3F9431C0C
:1081900003D14FF0FF34204670BDC41C24F003040B
:1081A000A042F8D0211A284601F094F90130F2D10A
:1081B000EFE700BFF41400202DE9F843CD1C25F0B3
:1081C000030508350C2D38BF0C25002D064601DBB4
:1081D000A94204D90C2333600020BDE8F883DFF8FE
:1081E000D48000F069F8D8F800301C4644BB29461A
:1081F0003046FFF7BFFF431C044658D1D8F8004073
:108200002746002F43D1002C4BD0236839463046F7
:1082100004EB030901F05EF9814542D121686D1A32
:1082200029463046FFF7A6FF01303AD023682B4499
:108230002360D8F800305A6862BBC8F800700FE0BD
:108240002268521B20D40B2A17D96119A34225603A
:1082500018BF5960636808BFC8F8001062514B60CE
:10826000304600F02FF804F10B00231D20F007002A
:10827000C21A1CBF1B1AA350AFE76268A3420CBF0F
:10828000C8F800205A60EBE723466468AEE73C4636
:108290007F68B6E71A465B68A342FBD100235360B0
:1082A000DEE70C233360304600F00CF894E70560FD
:1082B000D6E700BFF81400200148FFF700BF00BF59
:1082C000F01400200148FFF7FBBE00BFF0140020AF
:1082D0002DE9F0478E681F46BE420B6882460C4669
:1082E00090462DD8B1F90C2012F4906F26D0656914
:1082F000096905EB4505A3EB010905EBD5757B1C69
:108300004B446D109D4238BF1D46530527D5294665
:10831000FFF752FF064660B321694A46FFF7D1FED8
:10832000A38923F4906343F08003A38126616561F0
:108330004E44A5EB09052660A5603E46BE4200D925
:108340003E4620683246414601F087F8A3689B1BF1
:10835000A3602368334423600020BDE8F0872A46E9
:1083600001F0C8F806460028E0D121695046FFF721
:10837000B7FE0C23CAF80030A38943F04003A38161
:108380004FF0FF30E9E700002DE9F04F98468B8968
:108390001B069DB007460D46144610D50B6973B9F0
:1083A0004021FFF709FF2860286130B90C233B60AA
:1083B0004FF0FF301DB0BDE8F08F40236B6100230C
:1083C000099320238DF82930CDF80C803023DFF875
:1083D0009C818DF82A304FF0010923469A4613F804
:1083E000012B0AB1252AF9D1BAEB040B0BD05B465D
:1083F000224629463846FFF76BFF013000F0A78080
:10840000099A5A4409929AF80030002B00F09F8094
:1084100000234FF0FF32CDE905230AF1010A04934E
:1084200007938DF853301A935446052214F8011B14
:108430004E48F7F7EDFE049AD8B9D00644BF202382
:108440008DF85330110744BF2B238DF853309AF821
:1084500000302A2B15D0079A544600204FF00A0C02
:10846000214611F8013B303B092B4BD9B0B10792A3
:1084700014E0A0EB080309FA03F313430493A246A4
:10848000D2E7039B191D1B680391002BBBBF5B4206
:1084900042F0020207930793B8BF049223782E2B71
:1084A0000AD163782A2B32D1039B1A1D1B680392D1
:1084B00043EAE37302340593DFF8C0A02178032276
:1084C0005046F7F7A5FE38B1049BA0EB0A00402206
:1084D000824013430134049314F8011B24488DF89F
:1084E00028100622F7F794FE002836D0214B1BBB3C
:1084F000039B073323F0070308330393099B33449B
:1085000009936AE70CFB02320C460120A8E700231E
:108510000134059319464FF00A0C204610F8012B40
:10852000303A092A03D9002BC6D00591C4E70CFBC9
:10853000012104460123F0E703AB00932A460E4BCA
:1085400004A93846AFF30080421C0646D6D1AB8959
:108550005B063FF52DAF09982CE703AB00932A4645
:10856000054B04A9384600F08BFBEDE791A8000805
:108570009BA8000800000000D182000897A800080E
:1085800038B54B1C144603D14FF0FF35284638BD93
:10859000938923F020039381636B5268CDB28BB132
:1085A000A36B934208DD23685A1E226003F8015C26
:1085B000636801336360E9E7214600F014FF002897
:1085C000F1D0E1E72169236851B1994208D213F84B
:1085D000011CA94204D1013B013223606260D5E74E
:1085E000C4E90F3204F1440363630323A363234606
:1085F00003F8465F23600123DCE710B50C46496BA6
:1086000069B104F14403994201D0FFF769FD236C7D
:1086100063600020606313B1E36B236010BD2369C6
:10862000236000236360A38943F02003A3814FF0FC
:10863000FF30F3E72DE9F04F0C46ADF5237D002127
:10864000CDE94411A649A0910DF10408A549A64F12
:10865000CDF818810646A191009392F80090B9F1E7
:10866000000F00F0588117F8093013F0080302F1E9
:10867000010519D06368002B0FDD23681A78BA5CF6
:10868000120701D42A46E8E7459A0132459262680A
:108690000133013A62602360ECE7A19B214630463A
:1086A00098470028E9D0EDE7B9F1250F40F0858023
:1086B0004193439353782A2B02BF1023951C419377
:1086C0000A22AA461AF8011BA1F13003092B1ED970
:1086D000DFF818B203225846F7F79AFD38B1419AED
:1086E000A0EB0B000123834013434193554615F83B
:1086F000013B782B06D8572B10D8252B5DD057D8A7
:10870000002B75D0032347930A23429388E0439BB1
:1087100002FB0311303943915546D2E7A3F15802C9
:10872000202AEFD801A151F822F000BFFF870008EE
:108730000587000805870008598800080587000894
:1087400005870008058700080587000805870008D9
:1087500005870008058700086F880008558800080D
:10876000B7870008B7870008B787000805870008A3
:10877000118800080587000805870008058700089C
:10878000058700087F88000819880008F787000817
:1087900005870008058700087B8800080587000812
:1087A000558800080587000805870008FF8700082E
:1087B000453B022BA6D8052331E06368002B0DDD75
:1087C00023681A784A4540F0A68001336268236026
:1087D000459B013A01336260459353E7A19B2146D3
:1087E000304698470028EBD04498002840F08B8012
:1087F0004FF0FF308BE0419A42F020024192419AC3
:1088000042F40072419210226E2B429202D905E08E
:1088100000234293032302E0082342930423479357
:108820006368002B39DD419B590604D423681A780C
:10883000BA5C120738D4479B022B47DC6B462246B2
:1088400041A9304600F03AFB012864D002287FF4A9
:1088500019AFC9E70A22D7E72946404600F08AFD4A
:10886000419B43F04003419305460123D7E7419BD9
:1088700043F0400341930023D1E70223CFE741981F
:10888000C3063FF5FFAE009B459A191D00911B687A
:10889000C0074CBF1A801A60F4E6A19B21463046FF
:1088A00098470028BFD09FE7459A013245926268F9
:1088B000013A002A626002DD01332360B6E7A19B22
:1088C0002146304698470028B0D08DE7042B0FDCB6
:1088D0006B46224641A9304600F04AFBB4E700BF90
:1088E00081850008FB85000891A7000897A800086B
:1088F0000A4B002B3FF4C6AE6B46224641A93046D8
:10890000AFF30080A0E7A3895B063FF571AF0DF5DB
:10891000237DBDE8F08F4498F9E700BF0000000018
:108920009368013B002B10B4936008DA9469A3426A
:1089300001DB0A2903D15DF8044BFFF76ABA13681B
:10894000581C1060197008465DF8044B7047F8B564
:1089500006460F461446D518AC4201D1002007E068
:1089600014F8011B3A463046FFF7DAFF431CF3D1F7
:10897000F8BD00002DE9F04F0D469DB01446984615
:10898000064618B1036A0BB9FFF7D4F86B6ED90726
:1089900005D4AB899A0502D4A86DFFF790FBAB898B
:1089A0001B0701D52B699BB929463046FFF770FAA2
:1089B00070B16B6EDC0704D54FF0FF301DB0BDE821
:1089C000F08FAB899805F7D4A86DFFF779FBF3E733
:1089D0000023099320238DF82930CDF80C80302313
:1089E000DFF8AC818DF82A304FF0010923469A4612
:1089F00013F8012B0AB1252AF9D1BAEB040B0BD0DD
:108A00005B46224629463046FFF7A1FF013000F0C1
:108A1000A780099A5A4409929AF80030002B00F076
:108A20009F8000234FF0FF32CDE905230AF1010AB0
:108A3000049307938DF853301A935446052214F883
:108A4000011B5348F7F7E4FB049AD8B9D10644BF99
:108A500020238DF85330130744BF2B238DF8533058
:108A60009AF800302A2B15D0079A544600204FF070
:108A70000A0C214611F8013B303B092B4BD9B0B110
:108A8000079214E0A0EB080309FA03F313430493DD
:108A9000A246D2E7039B191D1B680391002BBBBFA5
:108AA0005B4242F0020207930793B8BF0492237817
:108AB0002E2B0AD163782A2B32D1039B1A1D1B68F7
:108AC000039243EAE37302340593DFF8D4A02178DC
:108AD00003225046F7F79CFB38B1049BA0EB0A0039
:108AE0004022824013430134049314F8011B2948A7
:108AF0008DF828100622F7F78BFB00283FD0264B75
:108B00001BBB039B073323F0070308330393099B25
:108B10003B4409936AE70CFB02320C460120A8E7AC
:108B200000230134059319464FF00A0C204610F833
:108B3000012B303A092A03D9002BC6D00591C4E78E
:108B40000CFB012104460123F0E703AB00932A4606
:108B5000124B04A93046AFF300800746781CD6D1EB
:108B60006B6ED90705D4AB899A0502D4A86DFFF7BF
:108B7000A7FAAB895B063FF51FAF09981EE703AB69
:108B800000932A46054B04A9304600F079F8E4E743
:108B900091A800089BA80008000000004F89000869
:108BA00097A800082DE9F047164698468A680B6991
:108BB000DDF820909342B8BF1346336091F843200C
:108BC00007460C460AB1013333602368990642BF59
:108BD000336802333360256815F0060506D104F1C9
:108BE000190AE36832689B1AAB4226DC94F84330DA
:108BF0002268003B18BF012392062BD404F14302E4
:108C000041463846C84701301ED02368226903F028
:108C10000603042B02BFE5683368ED1AA3680CBF96
:108C200025EAE57500259342C4BF9B1AED1800267E
:108C30001A34B5421AD1002008E0012352464146B9
:108C40003846C847013003D14FF0FF30BDE8F08708
:108C50000135C6E7E1185A1C302081F84300224450
:108C600094F8451082F843100233C7E701232246E7
:108C700041463846C8470130E6D00136D9E7000002
:108C80002DE9FF470F7E0C9E782F914680460C46BB
:108C90009A4601F1430207D8622F0AD8002F00F04C
:108CA000D180582F00F0B88004F1420684F8427059
:108CB0003AE0A7F16303152BF6D801A151F823F090
:108CC000198D00082D8D0008A98C0008A98C0008BA
:108CD000A98C0008A98C00082D8D0008A98C00081B
:108CE000A98C0008A98C0008A98C00082B8E00080C
:108CF000578D0008E58D0008A98C0008A98C000894
:108D00004D8E0008A98C0008578D0008A98C00081A
:108D1000A98C0008ED8D000833681A1D1B683260AD
:108D200004F1420684F8423001239CE03368206855
:108D3000191D3160060601D51D6803E04506FBD507
:108D4000B3F90050002D03DA2D236D4284F843302F
:108D500058480A2311E021683368080653F8045B79
:108D600002D4490648BFADB26F2F5248336014BFDA
:108D70000A230823002184F843106668A660002EA9
:108D800005DB21682E4321F0040121604BD01646FB
:108D9000B5FBF3F103FB1157C75D06F8017D2F46C4
:108DA000BB420D46F4D9082B0BD12368DF0708D549
:108DB000236961689942DEBF302306F8013C06F161
:108DC000FF36921B2261CDF800A04B4603AA214634
:108DD0004046FFF7E7FE01304AD14FF0FF3004B0C4
:108DE000BDE8F087236843F02003236032487827EA
:108DF00084F84570236831681F0651F8045B02D47B
:108E00005F0648BFADB23160D90744BF43F02003CD
:108E100023601DB11023ADE72648E9E7236823F05E
:108E200020032360F6E71646BDE7336825686169CD
:108E3000181D30602E061B6801D5196002E0680617
:108E4000FBD51980002323611646BCE733681A1D41
:108E500032601E68626800213046F7F7D9F908B120
:108E6000801B606063682361002384F84330AAE7B5
:108E70002369324649464046D0470130ADD0236889
:108E80009B0713D4E068039B9842B8BF1846A6E737
:108E90000123324649464046D04701309DD0013536
:108EA000E36803995B1AAB42F2DCEBE7002504F1BF
:108EB0001906F5E7A2A80008B3A800082DE9F843B1
:108EC00015468A6880460C4632B98A69002A14BF62
:108ED0004FF0FF3201228A602268DFF89090D106BD
:108EE0005FBF1A68111D196016680027A06988B154
:108EF000012807D12B681A7863699B5C53B9002F4E
:108F000031D022E0022820D12B681B7819F80330D9
:108F10001B071AD42368DA065EBF2B681B7806F895
:108F2000013B2A686B6801322A60A268013B013A62
:108F30006B600137A26042B1002BD7DCD4F88031DE
:108F40002946404698470028D0D0236813F01003E4
:108F500005D1E2680132E260A26902B1337023698F
:108F60003B4423610020BDE8F88300BF91A70008BF
:108F70002DE9F04F9846744B0C468246164693E80E
:108F8000070087B003AB83E80700704BA169704A04
:108F9000032908BF1A46A36801925A1EB2F5AE7F94
:108FA00088BF6FF4AE75274682BF03EB050940F218
:108FB0005D13A36057F81C3B43F4506398BF4FF018
:108FC000000923603D464FF0000B316803AB097880
:108FD00053F82B000222F7F71BF928B3BBF1010F5E
:108FE00059D162682AB92268082142F4007261608E
:108FF0002260226822F4A0622260A268511EA16051
:1090000092B13268511C3160127805F8012B7268F8
:10901000013A002A726007DCD4F8802131465046BC
:109020009047002840F085800BF1010BBBF1030F46
:10903000CBD163680BB90A236360636845496069F3
:10904000C91A00F097F94FF0000BA3682268002BB3
:109050003DD03168606991F800C010F80C0000281C
:1090600035D0BCF1300F24D1100522D50BF1010B06
:10907000B9F1000F03D0013309F1FF39A360736820
:10908000013B002B73601BDD336801333360A36841
:10909000013BA360D9E7BBF1020FAED1226802F415
:1090A000C061B1F5007FC4D11021616042F48072CB
:1090B000A2E722F4106222600B7805F8013BDEE79C
:1090C000D4F880313146504698470028DFD02368D5
:1090D000D9050DD5BD4209D915F8011CD4F87C314C
:1090E00032465046984705F1FF394D46BD4228D0DB
:1090F000226812F0100213D12A706368019E39466B
:109100005046B047D8F8003021681A1DC8F8002032
:1091100011F0200F1B680FD01860E3680133E36083
:109120002369ED1B5D442B442361002007B0BDE89B
:10913000F08F4FF0000BCAE7CA074CBF18801860C9
:10914000EBE70120F2E700BF6CA70008057A0008F2
:109150002D960008D4A80008B1F90C202DE9F041A3
:10916000160705460C4654D44B68002B02DC0B6CEA
:10917000002B48DDE66A002E45D0002312F4805211
:109180002F68216A2B6030D0626DA389590705D5FD
:109190006368D21A636B0BB1236CD21A0023E66AA0
:1091A000216A2846B047431CA38906D129681D2996
:1091B0002BD82A4ACA40D60727D500226260D90494
:1091C0002269226004D5421C01D12B6803B9606575
:1091D000616B2F60B9B104F14403994202D0284673
:1091E000FEF77EFF002363630DE001232846B047AE
:1091F0000246501CC9D12B68002BC6D01D2B01D0B4
:10920000162B1ED12F60002022E043F040031BB23A
:109210001BE00F69002FF6D093070E6808BF4B695B
:109220000F6018BF0023A6EB07088B60B8F1000F92
:10923000E9DD216AA66A43463A462846B047002837
:1092400008DCB4F90C3043F04003A3814FF0FF3049
:10925000BDE8F0810744A8EB0008E7E701004020E3
:1092600038B50B6905460C4613B90025284638BDAC
:1092700018B1036A0BB9FEF75DFCB4F90C30002B92
:10928000F3D0626ED00704D4990502D4A06DFEF726
:1092900016FF28462146FFF75FFF636EDA07054693
:1092A000E4D4A3899B05E1D4A06DFEF709FFDDE7B7
:1092B00070B50C46B1F90E10002996B015461E4641
:1092C0000DDAA38913F0800F4FF0000114BF402383
:1092D0004FF48063002031602B6016B070BD6A4689
:1092E00000F0D6F80028ECDB019901F47041A1F5FB
:1092F0000053594259414FF48063EBE78B89F7B52E
:109300009D0706460C4607D504F1470323602361F9
:109310000123636103B0F0BD01AB6A46FFF7C8FFEC
:10932000009F054639463046FEF746FF48B9B4F976
:109330000C309A05EED423F0030343F00203A3811B
:10934000E2E7A389206043F08003A381019BC4E985
:1093500004075BB1B4F90E10304600F0ABF828B149
:10936000A38923F0030343F00103A381A3891D43D1
:10937000A581CFE770B50B7804465E2B0BBF4B7809
:109380004A1C8A1C002108BF0121013804F1FF0595
:1093900000F8011FA842FBD10BB9501E70BD81F02F
:1093A0000101E1541046024612F8015B2D2D05D053
:1093B0005D2D16D0002DF1D02B46F2E746785D2EBC
:1093C000FAD0B342F8DC02301A4601329642A15478
:1093D000FBDCF21A013A5D1CB342A8BF0022AB18B5
:1093E000E1E71046DAE72DE9F0410C46496B04F15C
:1093F000440399421DD14FF48061FEF7DDFE18B998
:109400004FF0FF30BDE8F0814FF48063A36394F820
:109410004630606380F8FF3394F8453080F8FE33BF
:1094200094F8443080F8FD3300F2FD3020600020D5
:10943000E8E7A66B77003A4600F05CF8054600289E
:10944000DED000EB0608014632464046FEF739FE04
:10945000C4E90D57C4F80080E9E7884210B501EB74
:10946000020402D98442234607D8431EA14208D0F1
:1094700011F8012B03F8012FF8E7024401468A4254
:1094800000D110BD13F8014D02F8014DF7E70000BF
:1094900038B5074D00230446084611462B60F9F7FE
:1094A0006CF9431C02D12B6803B1236038BD00BFA7
:1094B000EC14002038B5064D0023044608462B6006
:1094C000F9F76BF9431C02D12B6803B1236038BD57
:1094D000EC14002038B5064D0023044608462B60E6
:1094E000F9F774F9431C02D12B6803B1236038BD2E
:1094F000EC1400202DE9F041074614460D4621B931
:10950000BDE8F0411146FEF757BE2AB9FEF7E8FD67
:1095100025462846BDE8F08100F08AF884420646D8
:1095200002D8B4EB500FF4D821463846FEF744FE7B
:10953000804608B94546ECE7B4422246294628BF92
:109540003246FEF7BEFD29463846FEF7C9FDF1E773
:109550002DE9F043344E86460D46284615F8014B5A
:10956000375D17F00807F8D12D2C10D12C78012782
:10957000851C33F0100015D1302C0DD1287800F067
:10958000DF00582808D16C78023510230AE02B2C14
:1095900004BF2C78851CECE7002BF6D1302C14BFCF
:1095A0000A2308234FF0FF380026B8FBF3F803FB2B
:1095B00008F96FEA09093046A4F1300CBCF1090F33
:1095C00010D86446A3421EDDB6F1FF3F07D08045A8
:1095D00016D301D1A14513DB00FB0340012615F88A
:1095E000014BE9E7A4F1410CBCF1190F01D8373C5C
:1095F000E8E7A4F1610CBCF1190F04D8573CE1E78E
:109600004FF0FF36EBE7731C06D12223CEF8003073
:10961000304632B9BDE8F08307B14042002AF9D0A4
:1096200006B1691E1160F5E791A70008FFF790BF2A
:1096300051F8043C181F002BBCBF0B58C0187047D2
:10964000F8B500BFF8BC08BC9E467047F8B500BF2F
:08965000F8BC08BC9E467047FF
:10965800436F6E74656E742D4C656E6774683A005E
:109668000D0A0D0A000000000000000025377320D5
:109678002536337300000000474554002F000000D2
:109688002F6C6F67696E00006572723D31000000D3
:109698002F73657474696E67730000002F6C6F67B1
:1096A8006F757400504F5354000000007573657255
:1096B8006E616D650000000070617373776F72648E
:1096C80000000000486F7573746F6E00564B403190
:1096D800323300002F6C6F67696E3F6572723D31DF
:1096E8000000000069700000736E000067770000DA
:1096F800496E76616C696420616464726573732E67
:1097080020456E7465722076616C696420646F749C
:109718007465642D646563696D616C2049502F53CD
:1097280075626E65742F476174657761792076611B
:109738006C7565732E000000485454502F312E313B
:109748002025730D0A436F6E74656E742D547970FD
:10975800653A20746578742F68746D6C3B20636873
:1097680061727365743D7574662D380D0A436F6EAA
:1097780074656E742D4C656E6774683A2025640DA7
:109788000A436F6E6E656374696F6E3A20636C6F1F
:1097980073650D0A25730D0A000000004C6F6361A4
:1097A80074696F6E3A2025730D0A00003330322039
:1097B800466F756E640000003C68313E34303420DA
:1097C8004E6F7420466F756E643C2F68313E000002
:1097D800343034204E6F7420466F756E640000007C
:1097E8003C64697620636C6173733D2765727227E8
:1097F8003E496E76616C696420757365726E616D41
:1098080065206F722070617373776F72642E3C2FBE
:109818006469763E000000003C21444F435459508F
:10982800452068746D6C3E3C68746D6C3E3C6865A0
:1098380061643E3C7469746C653E486F7573746FFF
:109848006E205152205363616E6E6572202D204C3C
:109858006F67696E3C2F7469746C653E3C6D657406
:1098680061206E616D653D2776696577706F7274EA
:109878002720636F6E74656E743D2777696474681A
:109888003D6465766963652D77696474682C206921
:109898006E697469616C2D7363616C653D31273E37
:1098A8003C7374796C653E626F64797B666F6E7425
:1098B8002D66616D696C793A5365676F6520554906
:1098C8002C417269616C2C73616E732D73657269BA
:1098D800663B6261636B67726F756E643A233066CC
:1098E800313732613B646973706C61793A666C65D3
:1098F800783B616C69676E2D6974656D733A636551
:109908006E7465723B6A7573746966792D636F6EE0
:1099180074656E743A63656E7465723B68656967F1
:1099280068743A31303076683B6D617267696E3AB7
:10993800303B7D2E636172647B6261636B67726F1B
:10994800756E643A236666663B70616464696E6727
:109958003A3332707820333670783B626F726465C0
:10996800722D7261646975733A313070783B626F39
:10997800782D736861646F773A30203130707820C1
:1099880033307078207267626128302C302C302C8C
:109998002E33293B77696474683A33303070783BEA
:1099A8007D68317B666F6E742D73697A653A3230E3
:1099B80070783B6D617267696E3A30203020347080
:1099C800783B636F6C6F723A233066313732613B94
:1099D8007D702E7375627B636F6C6F723A233634B9
:1099E800373438623B666F6E742D73697A653A3125
:1099F8003370783B6D617267696E3A30203020327F
:109A08003070783B7D6C6162656C7B666F6E742D1F
:109A180073697A653A313370783B636F6C6F723A69
:109A2800233333343135353B646973706C61793A6B
:109A3800626C6F636B3B6D617267696E2D626F74E8
:109A4800746F6D3A3470783B7D696E7075747B778E
:109A5800696474683A31303025253B706164646903
:109A68006E673A39707820313070783B6D61726773
:109A7800696E2D626F74746F6D3A313470783B6221
:109A88006F726465723A31707820736F6C69642004
:109A9800236362643565313B626F726465722D724F
:109AA80061646975733A3670783B626F782D7369B3
:109AB8007A696E673A626F726465722D626F783B7D
:109AC800666F6E742D73697A653A313470783B7DB0
:109AD800627574746F6E7B77696474683A3130307C
:109AE80025253B70616464696E673A313070783B54
:109AF8006261636B67726F756E643A233235363311
:109B080065623B636F6C6F723A236666663B626F91
:109B1800726465723A6E6F6E653B626F72646572ED
:109B28002D7261646975733A3670783B666F6E742E
:109B38002D73697A653A313470783B637572736F47
:109B4800723A706F696E7465723B7D627574746F7A
:109B58006E3A686F7665727B6261636B67726F7568
:109B68006E643A233164346564383B7D2E657272C5
:109B78007B6261636B67726F756E643A23666566B4
:109B88003266323B636F6C6F723A236239316331EC
:109B9800633B626F726465723A31707820736F6CE0
:109BA800696420236665636163613B70616464690D
:109BB8006E673A38707820313070783B626F726423
:109BC80065722D7261646975733A3670783B666F99
:109BD8006E742D73697A653A313370783B6D6172B2
:109BE80067696E2D626F74746F6D3A313470783BAB
:109BF8007D3C2F7374796C653E3C2F686561643ECB
:109C08003C626F64793E3C64697620636C6173736F
:109C18003D2763617264273E3C68313E486F757327
:109C2800746F6E205152205363616E6E65723C2FC3
:109C380068313E3C7020636C6173733D27737562B5
:109C4800273E4E6574776F726B20636F6E66696727
:109C580075726174696F6E206C6F67696E3C2F70E6
:109C68003E25733C666F726D206D6574686F643D48
:109C780027504F53542720616374696F6E3D272F17
:109C88006C6F67696E273E3C6C6162656C3E41642F
:109C98006D696E20757365726E616D653C2F6C61C0
:109CA80062656C3E3C696E70757420747970653DB0
:109CB800277465787427206E616D653D2775736517
:109CC800726E616D6527206175746F636F6D706C5E
:109CD8006574653D27757365726E616D65272072C1
:109CE800657175697265643E3C6C6162656C3E5075
:109CF800617373776F72643C2F6C6162656C3E3C74
:109D0800696E70757420747970653D27706173731E
:109D1800776F726427206E616D653D27706173737C
:109D2800776F726427206175746F636F6D706C65EF
:109D380074653D2763757272656E742D70617373F7
:109D4800776F7264272072657175697265643E3C2D
:109D5800627574746F6E20747970653D27737562CF
:109D68006D6974273E4C6F67696E3C2F6275747419
:109D78006F6E3E3C2F666F726D3E3C2F6469763E77
:109D88003C2F626F64793E3C2F68746D6C3E000016
:109D9800323030204F4B0000657272006F6B00004C
:109DA8003C64697620636C6173733D272573273E95
:109DB80025733C2F6469763E000000003C21444F27
:109DC80043545950452068746D6C3E3C68746D6C02
:109DD8003E3C686561643E3C7469746C653E486FDE
:109DE8007573746F6E205152205363616E6E657285
:109DF800202D2053657474696E67733C2F746974E1
:109E08006C653E3C6D657461206E616D653D2776BD
:109E1800696577706F72742720636F6E74656E74EE
:109E28003D2777696474683D6465766963652D7755
:109E3800696474682C20696E697469616C2D736338
:109E4800616C653D31273E3C7374796C653E626F89
:109E580064797B666F6E742D66616D696C793A53AF
:109E680065676F652055492C417269616C2C736177
:109E78006E732D73657269663B6261636B67726F9F
:109E8800756E643A233066313732613B64697370AA
:109E98006C61793A666C65783B616C69676E2D69AF
:109EA80074656D733A63656E7465723B6A75737435
:109EB8006966792D636F6E74656E743A63656E7446
:109EC80065723B6865696768743A31303076683B1B
:109ED8006D617267696E3A303B7D2E636172647B97
:109EE8006261636B67726F756E643A236666663B80
:109EF80070616464696E673A333270782033367003
:109F0800783B626F726465722D7261646975733A29
:109F1800313070783B626F782D736861646F773A7F
:109F28003020313070782033307078207267626169
:109F380028302C302C302C2E33293B7769647468F8
:109F48003A33343070783B7D68317B666F6E742DA0
:109F580073697A653A323070783B6D617267696E01
:109F68003A302030203470783B636F6C6F723A233C
:109F78003066313732613B7D702E7375627B636F5B
:109F88006C6F723A233634373438623B666F6E74BE
:109F98002D73697A653A313370783B6D6172676900
:109FA8006E3A30203020313870783B7D6C616265C4
:109FB8006C7B666F6E742D73697A653A313370788D
:109FC8003B636F6C6F723A233333343135353B64FE
:109FD8006973706C61793A626C6F636B3B6D617227
:109FE80067696E2D626F74746F6D3A3470783B7D5B
:109FF800696E7075747B77696474683A313030259E
:10A00800253B70616464696E673A39707820313035
:10A0180070783B6D617267696E2D626F74746F6DD5
:10A028003A313470783B626F726465723A31707895
:10A0380020736F6C696420236362643565313B6209
:10A048006F726465722D7261646975733A367078DF
:10A058003B626F782D73697A696E673A626F7264D2
:10A0680065722D626F783B666F6E742D73697A65C1
:10A078003A313470783B7D627574746F6E7B7769A2
:10A088006474683A31303025253B70616464696EC8
:10A09800673A313070783B6261636B67726F756ED7
:10A0A800643A233235363365623B636F6C6F723ABC
:10A0B800236666663B626F726465723A6E6F6E65A0
:10A0C8003B626F726465722D7261646975733A36AA
:10A0D80070783B666F6E742D73697A653A313470A7
:10A0E800783B637572736F723A706F696E746572DC
:10A0F8003B6D617267696E2D626F74746F6D3A386B
:10A1080070783B7D627574746F6E3A686F766572AD
:10A118007B6261636B67726F756E643A2331643476
:10A128006564383B7D612E6C6F676F75747B6469FD
:10A1380073706C61793A626C6F636B3B74657874A9
:10A148002D616C69676E3A63656E7465723B636F07
:10A158006C6F723A233634373438623B666F6E74EC
:10A168002D73697A653A313370783B746578742D4C
:10A178006465636F726174696F6E3A6E6F6E653B8A
:10A188007D2E6572727B6261636B67726F756E6438
:10A198003A236665663266323B636F6C6F723A23A8
:10A1A8006239316331633B626F726465723A317050
:10A1B8007820736F6C696420236665636163613B13
:10A1C80070616464696E673A3870782031307078ED
:10A1D8003B626F726465722D7261646975733A3699
:10A1E80070783B666F6E742D73697A653A31337097
:10A1F800783B6D617267696E2D626F74746F6D3A2A
:10A20800313470783B7D2E6F6B7B6261636B677254
:10A218006F756E643A236630666466343B636F6CB0
:10A228006F723A233135383033643B626F7264653C
:10A23800723A31707820736F6C69642023626266A9
:10A248003764303B70616464696E673A38707820AF
:10A25800313070783B626F726465722D7261646927
:10A2680075733A3670783B666F6E742D73697A65CC
:10A278003A313370783B6D617267696E2D626F7425
:10A28800746F6D3A313470783B7D3C2F7374796C00
:10A29800653E3C2F686561643E3C626F64793E3C74
:10A2A80064697620636C6173733D27636172642708
:10A2B8003E3C68313E4E6574776F726B205365740F
:10A2C80074696E67733C2F68313E3C7020636C6123
:10A2D80073733D27737562273E4D41432025303205
:10A2E800583A253032583A253032583A25303258C3
:10A2F8003A253032583A253032583C2F703E257373
:10A308003C666F726D206D6574686F643D27504FB1
:10A3180053542720616374696F6E3D272F736574EA
:10A3280074696E6773273E3C6C6162656C3E495088
:10A3380020416464726573733C2F6C6162656C3E86
:10A348003C696E70757420747970653D2774657802
:10A358007427206E616D653D276970272076616CD2
:10A3680075653D2725642E25642E25642E256427D2
:10A378002072657175697265643E3C6C6162656CDA
:10A388003E5375626E6574204D61736B3C2F6C6132
:10A3980062656C3E3C696E70757420747970653DB9
:10A3A800277465787427206E616D653D27736E2765
:10A3B8002076616C75653D2725642E25642E2564FD
:10A3C8002E2564272072657175697265643E3C6C40
:10A3D8006162656C3E476174657761793C2F6C6199
:10A3E80062656C3E3C696E70757420747970653D69
:10A3F800277465787427206E616D653D2767772718
:10A408002076616C75653D2725642E25642E2564AC
:10A418002E2564272072657175697265643E3C62F9
:10A428007574746F6E20747970653D277375626DED
:10A438006974273E536176652026616D703B205212
:10A4480065626F6F743C2F627574746F6E3E3C2F3B
:10A45800666F726D3E3C6120636C6173733D276C5F
:10A468006F676F75742720687265663D272F6C6F5C
:10A47800676F7574273E4C6F676F75743C2F613E2C
:10A488003C2F6469763E3C2F626F64793E3C2F68AE
:10A49800746D6C3E000000003C21444F43545950F9
:10A4A800452068746D6C3E3C68746D6C3E3C686514
:10A4B80061643E3C7469746C653E53617665643CC6
:10A4C8002F7469746C653E3C6D657461206E616DB6
:10A4D800653D2776696577706F72742720636F6EA4
:10A4E80074656E743D2777696474683D6465766940
:10A4F80063652D77696474682C20696E6974696175
:10A508006C2D7363616C653D31273E3C7374796CC7
:10A51800653E626F64797B666F6E742D66616D69E6
:10A528006C793A5365676F652055492C41726961AA
:10A538006C2C73616E732D73657269663B6261631F
:10A548006B67726F756E643A233066313732613BE0
:10A55800646973706C61793A666C65783B616C69A3
:10A56800676E2D6974656D733A63656E7465723BC9
:10A578006A7573746966792D636F6E74656E743A63
:10A5880063656E7465723B6865696768743A3130F3
:10A598003076683B6D617267696E3A303B636F6C09
:10A5A8006F723A236666663B746578742D616C69D0
:10A5B800676E3A63656E7465723B7D2E6361726483
:10A5C8007B6261636B67726F756E643A2366666659
:10A5D8003B636F6C6F723A233066313732613B7080
:10A5E800616464696E673A33327078203336707804
:10A5F8003B626F726465722D7261646975733A317A
:10A608003070783B626F782D736861646F773A3089
:10A61800203130707820333070782072676261287A
:10A62800302C302C302C2E33293B77696474683AEF
:10A6380033303070783B7D3C2F7374796C653E3CC9
:10A648002F686561643E3C626F64793E3C6469765C
:10A6580020636C6173733D2763617264273E3C68B5
:10A66800313E53617665643C2F68313E3C703E4E06
:10A678006577206E6574776F726B20736574746983
:10A688006E67732073617665642E20546865206454
:10A698006576696365206973207265626F6F746996
:10A6A8006E6720616E642077696C6C20636F6D65DE
:10A6B800207570206F6E20746865206E657720495C
:10A6C8005020616464726573732073686F72746C70
:10A6D800792E3C2F703E3C2F6469763E3C2F626F8A
:10A6E80064793E3C2F68746D6C3E000025642E250D
:10A6F800642E25642E25642563000000436C69657B
:10A708006E7420636F6E6E65637465640D0000007F
:10A7180052656365697665643A2025730D0A000001
:10A728007C4F50454E454E250D0A00007C4F4B2569
:10A738000A0000007C484C54250A000051520000D1
:10A74800454E44007C454E51522D257325250A005F
:10A758000009DCABCDEF0000C0A80164FFFFFF00DB
:10A76800C0A80101D6A80008D9A80008DCA80008DC
:10A7780000000000000000000102030406070809A9
:10A7880000000000010203040020202020202020D7
:10A798002020282828282820202020202020202089
:10A7A8002020202020202020208810101010101099
:10A7B80010101010101010101004040404040404E5
:10A7C800040404101010101010104141414141417F
:10A7D8000101010101010101010101010101010161
:10A7E8000101010110101010101042424242424271
:10A7F8000202020202020202020202020202020231
:10A8080002020202101010102000000000000000D8
:10A818000000000000000000000000000000000030
:10A828000000000000000000000000000000000020
:10A838000000000000000000000000000000000010
:10A848000000000000000000000000000000000000
:10A8580000000000000000000000000000000000F0
:10A8680000000000000000000000000000000000E0
:10A8780000000000000000000000000000000000D0
:10A88800000000000000000000232D302B2000688D
:10A898006C4C0065666745464700303132333435C5
:10A8A8003637383941424344454600303132333433
:10A8B800353637383961626364656600412D466113
:10A8C8002D66383930313233343536375D002B2D2B
:08A8D800003030007858000048
:08A8E0000059FF7F0100000098
:04A8E800C50100089E
:04A8EC00A1010008BE
:10A8F000020202020202020200C000000024F40070
:10A900000002573535303000000000009D2D000852
:10A91000AB2D0008B92D0008C72D0008D52D000863
:10A92000EF2D0008000000000000000010000000F3
:10A930000100000000000000000000000000000016
:10A940000000000001000000000000000000000006
:10A95000000000000000000003000000B013002011
:10A960007400002000000000B01300201814002024
:10A970008014002000000000000000000000000023
:10A9800000000000000000000000000000000000C7
:10A9900000000000000000000000000000000000B7
:10A9A00000000000000000000000000000000000A7
:040000050800318935
:00000001FF
